"","Score","Protein1","LinkPos1","Protein2","LinkPos2"
"1",428.64,"sp|P19727|CAPSB_BPT7",269,"sp|P19727|CAPSB_BPT7",24
"2",415.73,"sp|P03725|GP15_BPT7",304,"sp|P03725|GP15_BPT7",427
"3",411.39,"sp|P03725|GP15_BPT7",561,"sp|P03725|GP15_BPT7",455
"4",362.01,"sp|P03725|GP15_BPT7",304,"sp|P03801|GP67_BPT7",52
"5",340.45,"sp|P03728|PORTL_BPT7",14,"sp|P03728|PORTL_BPT7",21
"6",338.89,"sp|P03725|GP15_BPT7",304,"sp|P03801|GP67_BPT7",11
"7",337.22,"sp|P03724|GP14_BPT7",59,"sp|P03801|GP67_BPT7",11
"8",331.34,"sp|P03726|EXLYS_BPT7",1058,"sp|P03726|EXLYS_BPT7",1044
"9",321.94,"sp|P03725|GP15_BPT7",192,"sp|P03725|GP15_BPT7",338
"10",315.66,"sp|P03726|EXLYS_BPT7",504,"sp|P03726|EXLYS_BPT7",1054
"11",313.83,"sp|P03725|GP15_BPT7",561,"sp|P03725|GP15_BPT7",578
"12",302.9,"sp|P19727|CAPSB_BPT7",1,"sp|P19727|CAPSB_BPT7",24
"13",298.2,"sp|P03726|EXLYS_BPT7",163,"sp|P03726|EXLYS_BPT7",179
"14",289.16,"sp|P19727|CAPSB_BPT7",269,"sp|P19727|CAPSB_BPT7",59
"15",277.26,"sp|P03728|PORTL_BPT7",105,"sp|P03725|GP15_BPT7",50
"16",276.21,"sp|P03728|PORTL_BPT7",406,"sp|P03725|GP15_BPT7",59
"17",276.12,"sp|P19727|CAPSB_BPT7",59,"sp|P19727|CAPSB_BPT7",302
"18",274.92,"sp|P03725|GP15_BPT7",304,"sp|P03725|GP15_BPT7",312
"19",273.23,"sp|P03725|GP15_BPT7",338,"sp|P03725|GP15_BPT7",312
"20",272.97,"sp|P03725|GP15_BPT7",192,"sp|P03725|GP15_BPT7",312
"21",270.84,"sp|P03725|GP15_BPT7",304,"sp|P03801|GP67_BPT7",66
"22",269.08,"sp|P03725|GP15_BPT7",427,"sp|P03725|GP15_BPT7",722
"23",265.51,"sp|P19727|CAPSB_BPT7",285,"sp|P19727|CAPSB_BPT7",197
"24",265.36,"sp|P03726|EXLYS_BPT7",416,"sp|P03726|EXLYS_BPT7",919
"25",265.29,"sp|P03728|PORTL_BPT7",14,"sp|P03728|PORTL_BPT7",205
"26",264.43,"sp|P03724|GP14_BPT7",59,"sp|P03801|GP67_BPT7",66
"27",263.75,"sp|P03725|GP15_BPT7",59,"sp|P03724|GP14_BPT7",183
"28",260.09,"sp|P03725|GP15_BPT7",427,"sp|P03801|GP67_BPT7",11
"29",258.61,"sp|P03728|PORTL_BPT7",441,"sp|P03801|GP67_BPT7",66
"30",257.47,"sp|P03726|EXLYS_BPT7",455,"sp|P03726|EXLYS_BPT7",58
"31",257.46,"sp|P03726|EXLYS_BPT7",163,"sp|P03726|EXLYS_BPT7",1
"32",256.85,"sp|P03726|EXLYS_BPT7",455,"sp|P03726|EXLYS_BPT7",62
"33",256.15,"sp|P03728|PORTL_BPT7",94,"sp|P03725|GP15_BPT7",59
"34",253.83,"sp|P03725|GP15_BPT7",389,"sp|P03801|GP67_BPT7",76
"35",253.82,"sp|P03725|GP15_BPT7",427,"sp|P03724|GP14_BPT7",183
"36",253.71,"sp|P03725|GP15_BPT7",304,"sp|P03801|GP67_BPT7",81
"37",251.99,"sp|P03726|EXLYS_BPT7",455,"sp|P03726|EXLYS_BPT7",47
"38",249.87,"sp|P03728|PORTL_BPT7",313,"sp|P19727|CAPSB_BPT7",59
"39",249.45,"sp|P19727|CAPSB_BPT7",59,"sp|P19727|CAPSB_BPT7",197
"40",249.15,"sp|P03726|EXLYS_BPT7",651,"sp|P03726|EXLYS_BPT7",819
"41",248.59,"sp|P03725|GP15_BPT7",312,"sp|P03801|GP67_BPT7",11
"42",248.59,"sp|P03725|GP15_BPT7",312,"sp|P03801|GP67_BPT7",76
"43",247.5,"sp|P19727|CAPSB_BPT7",83,"sp|P19727|CAPSB_BPT7",59
"44",246.96,"sp|P03724|GP14_BPT7",59,"sp|P03801|GP67_BPT7",52
"45",245.38,"sp|P03725|GP15_BPT7",706,"sp|P03725|GP15_BPT7",702
"46",244.51,"sp|P03725|GP15_BPT7",304,"sp|P03801|GP67_BPT7",76
"47",244.26,"sp|P03747|TUBE2_BPT7",108,"sp|P03747|TUBE2_BPT7",96
"48",242.91,"sp|P03725|GP15_BPT7",304,"sp|P03801|GP67_BPT7",55
"49",242.76,"sp|P03725|GP15_BPT7",455,"sp|P03725|GP15_BPT7",685
"50",241.05,"sp|P03725|GP15_BPT7",482,"sp|P03801|GP67_BPT7",66
"51",240.23,"sp|P03725|GP15_BPT7",427,"sp|P03724|GP14_BPT7",190
"52",239.87,"sp|P03726|EXLYS_BPT7",181,"sp|P03726|EXLYS_BPT7",204
"53",236.12,"sp|P03725|GP15_BPT7",722,"sp|P03725|GP15_BPT7",267
"54",235.81,"sp|P03725|GP15_BPT7",551,"sp|P03725|GP15_BPT7",543
"55",234.41,"sp|P03801|GP67_BPT7",11,"sp|P03801|GP67_BPT7",8
"56",234.41,"sp|P03801|GP67_BPT7",11,"sp|P03801|GP67_BPT7",11
"57",231.96,"sp|P03725|GP15_BPT7",389,"sp|P03725|GP15_BPT7",722
"58",231.49,"sp|P03726|EXLYS_BPT7",163,"sp|P03726|EXLYS_BPT7",32
"59",229.04,"sp|P03725|GP15_BPT7",427,"sp|P03801|GP67_BPT7",81
"60",228.26,"sp|P03728|PORTL_BPT7",94,"sp|P03728|PORTL_BPT7",441
"61",226.88,"sp|P03725|GP15_BPT7",304,"sp|P03725|GP15_BPT7",125
"62",226.4,"sp|P03728|PORTL_BPT7",419,"sp|P03725|GP15_BPT7",59
"63",226.23,"sp|P03725|GP15_BPT7",551,"sp|P03725|GP15_BPT7",578
"64",226.1,"sp|P03725|GP15_BPT7",338,"sp|P03724|GP14_BPT7",148
"65",224.25,"sp|P03724|GP14_BPT7",59,"sp|P03725|GP15_BPT7",312
"66",224.12,"sp|P03728|PORTL_BPT7",488,"sp|P03725|GP15_BPT7",50
"67",223.19,"sp|P03725|GP15_BPT7",455,"sp|P03726|EXLYS_BPT7",1119
"68",221.66,"sp|P03747|TUBE2_BPT7",580,"sp|P03747|TUBE2_BPT7",108
"69",221.49,"sp|P03725|GP15_BPT7",379,"sp|P03725|GP15_BPT7",702
"70",220.24,"sp|P03801|GP67_BPT7",55,"sp|P03801|GP67_BPT7",66
"71",219.25,"sp|P19727|CAPSB_BPT7",302,"sp|P03751|GP73_BPT7",85
"72",218.83,"sp|P03725|GP15_BPT7",379,"sp|P03725|GP15_BPT7",706
"73",215.98,"sp|P03725|GP15_BPT7",427,"sp|P03801|GP67_BPT7",66
"74",215.96,"sp|P03725|GP15_BPT7",304,"sp|P03801|GP67_BPT7",8
"75",215.11,"sp|P03726|EXLYS_BPT7",819,"sp|P03726|EXLYS_BPT7",834
"76",214.55,"sp|P03801|GP67_BPT7",11,"sp|P03725|GP15_BPT7",125
"77",213.81,"sp|P03725|GP15_BPT7",685,"sp|P03725|GP15_BPT7",448
"78",212.59,"sp|P03726|EXLYS_BPT7",1016,"sp|P03726|EXLYS_BPT7",926
"79",212.22,"sp|P03725|GP15_BPT7",148,"sp|P03725|GP15_BPT7",59
"80",211.03,"sp|P03726|EXLYS_BPT7",1230,"sp|P03726|EXLYS_BPT7",1220
"81",210.23,"sp|P03725|GP15_BPT7",50,"sp|P03801|GP67_BPT7",11
"82",208.87,"sp|P03725|GP15_BPT7",561,"sp|P03725|GP15_BPT7",543
"83",207.64,"sp|P03725|GP15_BPT7",389,"sp|P03725|GP15_BPT7",740
"84",205.61,"sp|P03726|EXLYS_BPT7",1224,"sp|P03726|EXLYS_BPT7",62
"85",204.83,"sp|P03725|GP15_BPT7",722,"sp|P03801|GP67_BPT7",88
"86",204.49,"sp|P03726|EXLYS_BPT7",1078,"sp|P03725|GP15_BPT7",389
"87",203.97,"sp|P03725|GP15_BPT7",389,"sp|P03724|GP14_BPT7",183
"88",201.61,"sp|P03725|GP15_BPT7",148,"sp|P03724|GP14_BPT7",183
"89",201.52,"sp|P03748|FIBER_BPT7",536,"sp|P19727|CAPSB_BPT7",384
"90",200.84,"sp|P03725|GP15_BPT7",389,"sp|P03801|GP67_BPT7",55
"91",199.21,"sp|P03726|EXLYS_BPT7",163,"sp|P03725|GP15_BPT7",690
"92",198.3,"sp|P03726|EXLYS_BPT7",520,"sp|P03726|EXLYS_BPT7",1220
"93",197.06,"sp|P03725|GP15_BPT7",389,"sp|P03801|GP67_BPT7",66
"94",194.66,"sp|P03728|PORTL_BPT7",21,"sp|P19727|CAPSB_BPT7",302
"95",194.55,"sp|P03725|GP15_BPT7",304,"sp|P03801|GP67_BPT7",64
"96",194.01,"sp|P03725|GP15_BPT7",338,"sp|P03725|GP15_BPT7",125
"97",193.88,"sp|P03726|EXLYS_BPT7",286,"sp|P03726|EXLYS_BPT7",582
"98",193.64,"sp|P19727|CAPSB_BPT7",83,"sp|P19727|CAPSB_BPT7",302
"99",193.59,"sp|P03726|EXLYS_BPT7",165,"sp|P03725|GP15_BPT7",393
"100",191.85,"sp|P03725|GP15_BPT7",389,"sp|P03724|GP14_BPT7",190
"101",190.66,"sp|P03726|EXLYS_BPT7",919,"sp|P03726|EXLYS_BPT7",1168
"102",189.88,"sp|P03725|GP15_BPT7",578,"sp|P03725|GP15_BPT7",543
"103",189.61,"sp|P19727|CAPSB_BPT7",59,"sp|P19727|CAPSB_BPT7",24
"104",188.69,"sp|P03725|GP15_BPT7",578,"sp|P03725|GP15_BPT7",540
"105",187.49,"sp|P03726|EXLYS_BPT7",1224,"sp|P03726|EXLYS_BPT7",840
"106",186.91,"sp|P03725|GP15_BPT7",722,"sp|P03725|GP15_BPT7",713
"107",186.02,"sp|P03801|GP67_BPT7",55,"sp|P03725|GP15_BPT7",722
"108",185.75,"sp|P03725|GP15_BPT7",722,"sp|P03801|GP67_BPT7",87
"109",185.37,"sp|P03725|GP15_BPT7",312,"sp|P03801|GP67_BPT7",66
"110",184.76,"sp|P03725|GP15_BPT7",551,"sp|P03725|GP15_BPT7",540
"111",183.47,"sp|P03801|GP67_BPT7",64,"sp|P03801|GP67_BPT7",76
"112",181.14,"sp|P03725|GP15_BPT7",383,"sp|P03725|GP15_BPT7",427
"113",180.35,"sp|P03801|GP67_BPT7",11,"sp|P03728|PORTL_BPT7",441
"114",180.09,"sp|P03725|GP15_BPT7",706,"sp|P03801|GP67_BPT7",81
"115",178.82,"sp|P03725|GP15_BPT7",59,"sp|P03724|GP14_BPT7",190
"116",178.14,"sp|P03726|EXLYS_BPT7",504,"sp|P03726|EXLYS_BPT7",1060
"117",177.94,"sp|P03801|GP67_BPT7",64,"sp|P03801|GP67_BPT7",87
"118",177.37,"sp|P03725|GP15_BPT7",268,"sp|P03725|GP15_BPT7",722
"119",176.78,"sp|P03751|GP73_BPT7",21,"sp|P19727|CAPSB_BPT7",302
"120",176.45,"sp|P03725|GP15_BPT7",59,"sp|P03725|GP15_BPT7",107
"121",176,"sp|P03725|GP15_BPT7",722,"sp|P03725|GP15_BPT7",702
"122",175.66,"sp|P03801|GP67_BPT7",66,"sp|P03725|GP15_BPT7",125
"123",175.25,"sp|P03728|PORTL_BPT7",246,"sp|P03725|GP15_BPT7",59
"124",175.24,"sp|P03726|EXLYS_BPT7",1044,"sp|P03726|EXLYS_BPT7",1
"125",174.29,"sp|P03801|GP67_BPT7",55,"sp|P03801|GP67_BPT7",76
"126",173.87,"sp|P03726|EXLYS_BPT7",617,"sp|P03726|EXLYS_BPT7",631
"127",173.74,"sp|P03725|GP15_BPT7",192,"sp|P03725|GP15_BPT7",125
"128",172.98,"sp|P19727|CAPSB_BPT7",197,"sp|P19727|CAPSB_BPT7",190
"129",171.38,"sp|P03726|EXLYS_BPT7",1164,"sp|P03726|EXLYS_BPT7",1168
"130",171.26,"sp|P03725|GP15_BPT7",389,"sp|P03724|GP14_BPT7",193
"131",170.95,"sp|P03725|GP15_BPT7",633,"sp|P03801|GP67_BPT7",11
"132",170.17,"sp|P03726|EXLYS_BPT7",1230,"sp|P03726|EXLYS_BPT7",62
"133",169.44,"sp|P19727|CAPSB_BPT7",302,"sp|P03801|GP67_BPT7",76
"134",169.21,"sp|P03728|PORTL_BPT7",205,"sp|P19727|CAPSB_BPT7",302
"135",168.58,"sp|P03726|EXLYS_BPT7",841,"sp|P03726|EXLYS_BPT7",834
"136",168.54,"sp|P03725|GP15_BPT7",722,"sp|P03801|GP67_BPT7",52
"137",167.76,"sp|P03728|PORTL_BPT7",94,"sp|P03725|GP15_BPT7",50
"138",167.64,"sp|P03725|GP15_BPT7",702,"sp|P03801|GP67_BPT7",81
"139",166.68,"sp|P03801|GP67_BPT7",64,"sp|P03801|GP67_BPT7",81
"140",166.35,"sp|P03725|GP15_BPT7",417,"sp|P03725|GP15_BPT7",372
"141",166.08,"sp|P19727|CAPSB_BPT7",197,"sp|P19727|CAPSB_BPT7",384
"142",165.48,"sp|P03801|GP67_BPT7",76,"sp|P03801|GP67_BPT7",81
"143",165.39,"sp|P03725|GP15_BPT7",59,"sp|P03801|GP67_BPT7",66
"144",165.39,"sp|P03725|GP15_BPT7",561,"sp|P03726|EXLYS_BPT7",1119
"145",165.26,"sp|P03725|GP15_BPT7",722,"sp|P03725|GP15_BPT7",734
"146",164.7,"sp|P03726|EXLYS_BPT7",1060,"sp|P03726|EXLYS_BPT7",1054
"147",164.53,"sp|P03724|GP14_BPT7",183,"sp|P03725|GP15_BPT7",713
"148",164.39,"sp|P03726|EXLYS_BPT7",662,"sp|P03726|EXLYS_BPT7",631
"149",162.69,"sp|P03726|EXLYS_BPT7",58,"sp|P03726|EXLYS_BPT7",1220
"150",162.61,"sp|P03726|EXLYS_BPT7",260,"sp|P03726|EXLYS_BPT7",1129
"151",161.86,"sp|P03724|GP14_BPT7",59,"sp|P03724|GP14_BPT7",193
"152",160.16,"sp|P03725|GP15_BPT7",455,"sp|P03801|GP67_BPT7",76
"153",160,"sp|P03724|GP14_BPT7",183,"sp|P03801|GP67_BPT7",66
"154",159.58,"sp|P03725|GP15_BPT7",722,"sp|P03801|GP67_BPT7",81
"155",157.58,"sp|P03728|PORTL_BPT7",246,"sp|P03728|PORTL_BPT7",406
"156",157.33,"sp|P03725|GP15_BPT7",713,"sp|P03801|GP67_BPT7",76
"157",156.96,"sp|P03725|GP15_BPT7",540,"sp|P03725|GP15_BPT7",540
"158",156.26,"sp|P03725|GP15_BPT7",706,"sp|P03725|GP15_BPT7",698
"159",155.58,"sp|P03725|GP15_BPT7",448,"sp|P03801|GP67_BPT7",76
"160",155.49,"sp|P03725|GP15_BPT7",125,"sp|P03801|GP67_BPT7",8
"161",155.19,"sp|P03725|GP15_BPT7",123,"sp|P03801|GP67_BPT7",11
"162",155.03,"sp|P03801|GP67_BPT7",81,"sp|P03801|GP67_BPT7",81
"163",154.88,"sp|P03725|GP15_BPT7",338,"sp|P03801|GP67_BPT7",66
"164",154.65,"sp|P03728|PORTL_BPT7",105,"sp|P03801|GP67_BPT7",8
"165",154.48,"sp|P03726|EXLYS_BPT7",163,"sp|P03725|GP15_BPT7",697
"166",153.97,"sp|P03725|GP15_BPT7",584,"sp|P03725|GP15_BPT7",540
"167",153.77,"sp|P03801|GP67_BPT7",76,"sp|P03801|GP67_BPT7",87
"168",152.17,"sp|P03728|PORTL_BPT7",406,"sp|P03725|GP15_BPT7",2
"169",151.22,"sp|P03724|GP14_BPT7",183,"sp|P03725|GP15_BPT7",77
"170",149.19,"sp|P03726|EXLYS_BPT7",1220,"sp|P03726|EXLYS_BPT7",62
"171",148.91,"sp|P03725|GP15_BPT7",740,"sp|P03801|GP67_BPT7",64
"172",148.66,"sp|P03725|GP15_BPT7",623,"sp|P03725|GP15_BPT7",599
"173",148.62,"sp|P03726|EXLYS_BPT7",204,"sp|P03726|EXLYS_BPT7",1022
"174",148.54,"sp|P03728|PORTL_BPT7",105,"sp|P03801|GP67_BPT7",11
"175",147.58,"sp|P03725|GP15_BPT7",690,"sp|P03725|GP15_BPT7",698
"176",147.42,"sp|P03726|EXLYS_BPT7",416,"sp|P03726|EXLYS_BPT7",204
"177",147.34,"sp|P03801|GP67_BPT7",66,"sp|P03801|GP67_BPT7",52
"178",146.78,"sp|P03724|GP14_BPT7",59,"sp|P03801|GP67_BPT7",76
"179",146.71,"sp|P03725|GP15_BPT7",427,"sp|P03801|GP67_BPT7",64
"180",145.83,"sp|P03726|EXLYS_BPT7",204,"sp|P03726|EXLYS_BPT7",1
"181",145.29,"sp|P03726|EXLYS_BPT7",165,"sp|P03726|EXLYS_BPT7",32
"182",145.13,"sp|P03725|GP15_BPT7",702,"sp|P03801|GP67_BPT7",76
"183",144.77,"sp|P03725|GP15_BPT7",706,"sp|P03801|GP67_BPT7",66
"184",144.24,"sp|P03801|GP67_BPT7",64,"sp|P03801|GP67_BPT7",55
"185",144.14,"sp|P03801|GP67_BPT7",66,"sp|P03801|GP67_BPT7",81
"186",143.46,"sp|P03728|PORTL_BPT7",406,"sp|P03801|GP67_BPT7",76
"187",141.88,"sp|P03725|GP15_BPT7",192,"sp|P03801|GP67_BPT7",11
"188",141.39,"sp|P03725|GP15_BPT7",713,"sp|P03801|GP67_BPT7",87
"189",141.22,"sp|P03801|GP67_BPT7",66,"sp|P03801|GP67_BPT7",76
"190",140.75,"sp|P03726|EXLYS_BPT7",919,"sp|P03801|GP67_BPT7",66
"191",140.22,"sp|P03728|PORTL_BPT7",406,"sp|P03724|GP14_BPT7",183
"192",139.77,"sp|P03747|TUBE2_BPT7",12,"sp|P03801|GP67_BPT7",76
"193",139.44,"sp|P03746|TUBE1_BPT7",141,"sp|P03746|TUBE1_BPT7",49
"194",138.9,"sp|P19727|CAPSB_BPT7",0,"sp|P19727|CAPSB_BPT7",24
"195",137.75,"sp|P03726|EXLYS_BPT7",582,"sp|P03801|GP67_BPT7",66
"196",137.18,"sp|P03725|GP15_BPT7",740,"sp|P03801|GP67_BPT7",52
"197",136.3,"sp|P03725|GP15_BPT7",312,"sp|P03801|GP67_BPT7",52
"198",135.81,"sp|P03728|PORTL_BPT7",14,"sp|P19727|CAPSB_BPT7",302
"199",133.9,"sp|P03726|EXLYS_BPT7",651,"sp|P03751|GP73_BPT7",85
"200",133.79,"sp|P03724|GP14_BPT7",183,"sp|P03801|GP67_BPT7",52
"201",132.96,"sp|P03726|EXLYS_BPT7",520,"sp|P03726|EXLYS_BPT7",840
"202",130.28,"sp|P03725|GP15_BPT7",713,"sp|P03801|GP67_BPT7",81
"203",130.01,"sp|P03801|GP67_BPT7",76,"sp|P03725|GP15_BPT7",540
"204",128.65,"sp|P03725|GP15_BPT7",59,"sp|P03725|GP15_BPT7",77
"205",127.94,"sp|P03726|EXLYS_BPT7",973,"sp|P03726|EXLYS_BPT7",1230
"206",127.31,"sp|P03725|GP15_BPT7",125,"sp|P03801|GP67_BPT7",76
"207",127.07,"sp|P03725|GP15_BPT7",713,"sp|P03725|GP15_BPT7",702
"208",126.57,"sp|P03726|EXLYS_BPT7",45,"sp|P03726|EXLYS_BPT7",1
"209",126.07,"sp|P03724|GP14_BPT7",190,"sp|P03801|GP67_BPT7",81
"210",126.03,"sp|P03728|PORTL_BPT7",441,"sp|P03801|GP67_BPT7",8
"211",125.77,"sp|P03725|GP15_BPT7",540,"sp|P03801|GP67_BPT7",66
"212",124.47,"sp|P03725|GP15_BPT7",312,"sp|P03725|GP15_BPT7",125
"213",124.45,"sp|P03728|PORTL_BPT7",406,"sp|P03725|GP15_BPT7",1
"214",124.08,"sp|P03801|GP67_BPT7",11,"sp|P03801|GP67_BPT7",66
"215",122.51,"sp|P03801|GP67_BPT7",76,"sp|P03725|GP15_BPT7",698
"216",122.44,"sp|P03801|GP67_BPT7",87,"sp|P03725|GP15_BPT7",540
"217",121.96,"sp|P19727|CAPSB_BPT7",83,"sp|P19727|CAPSB_BPT7",0
"218",121.82,"sp|P03724|GP14_BPT7",59,"sp|P03801|GP67_BPT7",55
"219",121.74,"sp|P03726|EXLYS_BPT7",1022,"sp|P03726|EXLYS_BPT7",1
"220",121.05,"sp|P03726|EXLYS_BPT7",1044,"sp|P03726|EXLYS_BPT7",1022
"221",117.16,"sp|P03725|GP15_BPT7",125,"sp|P03725|GP15_BPT7",107
"222",116.58,"sp|P03725|GP15_BPT7",389,"sp|P03726|EXLYS_BPT7",165
"223",116.54,"sp|P19727|CAPSB_BPT7",24,"sp|P19727|CAPSB_BPT7",384
"224",116.39,"sp|P03728|PORTL_BPT7",419,"sp|P03725|GP15_BPT7",50
"225",115.69,"sp|P03801|GP67_BPT7",55,"sp|P03801|GP67_BPT7",81
"226",113.62,"sp|P03725|GP15_BPT7",722,"sp|P03801|GP67_BPT7",66
"227",111.86,"sp|P03751|GP73_BPT7",18,"sp|P03751|GP73_BPT7",14
"228",111.69,"sp|P03801|GP67_BPT7",66,"sp|P03725|GP15_BPT7",713
"229",110.88,"sp|P03725|GP15_BPT7",448,"sp|P03801|GP67_BPT7",66
"230",109.55,"sp|P03725|GP15_BPT7",393,"sp|P03725|GP15_BPT7",455
"231",109.15,"sp|P03726|EXLYS_BPT7",1220,"sp|P03726|EXLYS_BPT7",840
"232",106.91,"sp|P03801|GP67_BPT7",81,"sp|P03725|GP15_BPT7",540
"233",106.91,"sp|P03801|GP67_BPT7",11,"sp|P03801|GP67_BPT7",55
"234",105.39,"sp|P03725|GP15_BPT7",417,"sp|P03725|GP15_BPT7",702
"235",104.83,"sp|P03724|GP14_BPT7",74,"sp|P03725|GP15_BPT7",125
"236",102.95,"sp|P03801|GP67_BPT7",55,"sp|P03801|GP67_BPT7",88
"237",102.73,"sp|P19727|CAPSB_BPT7",197,"sp|P19727|CAPSB_BPT7",302
"238",102.03,"sp|P03725|GP15_BPT7",405,"sp|P03725|GP15_BPT7",455
"239",98.52,"sp|P03725|GP15_BPT7",427,"sp|P03801|GP67_BPT7",52
"240",98.04,"sp|P03725|GP15_BPT7",448,"sp|P03801|GP67_BPT7",81
"241",97.63,"sp|P03728|PORTL_BPT7",441,"sp|P03801|GP67_BPT7",64
"242",95.54,"sp|P03751|GP73_BPT7",21,"sp|P03751|GP73_BPT7",14
"243",94.3,"sp|P03725|GP15_BPT7",77,"sp|P03801|GP67_BPT7",76
"244",94.12,"sp|P03725|GP15_BPT7",690,"sp|P03801|GP67_BPT7",66
"245",93.15,"sp|P03801|GP67_BPT7",66,"sp|P03725|GP15_BPT7",77
"246",92.65,"sp|P03726|EXLYS_BPT7",926,"sp|P03726|EXLYS_BPT7",1
"247",92.15,"sp|P03726|EXLYS_BPT7",921,"sp|P03801|GP67_BPT7",81
"248",92.11,"sp|P03725|GP15_BPT7",393,"sp|P03801|GP67_BPT7",52
"249",90.86,"sp|P03728|PORTL_BPT7",419,"sp|P03801|GP67_BPT7",66
"250",89.28,"sp|P03728|PORTL_BPT7",441,"sp|P03801|GP67_BPT7",76
"251",88.6,"sp|P03726|EXLYS_BPT7",1220,"sp|P03726|EXLYS_BPT7",45
"252",85.91,"sp|P03801|GP67_BPT7",64,"sp|P03801|GP67_BPT7",52
"253",81.78,"sp|P03725|GP15_BPT7",148,"sp|P03725|GP15_BPT7",50
"254",79.12,"sp|P03728|PORTL_BPT7",105,"sp|P03725|GP15_BPT7",59
"255",78.71,"sp|P03725|GP15_BPT7",312,"sp|P03801|GP67_BPT7",64
"256",74.96,"sp|P03728|PORTL_BPT7",94,"sp|P03801|GP67_BPT7",11
"257",72.79,"sp|P03725|GP15_BPT7",125,"sp|P03725|GP15_BPT7",734
"258",68.38,"sp|P03725|GP15_BPT7",389,"sp|P03801|GP67_BPT7",64
"259",66.76,"sp|P03725|GP15_BPT7",446,"sp|P03801|GP67_BPT7",11
"260",62.71,"sp|P03726|EXLYS_BPT7",416,"sp|P03801|GP67_BPT7",66
"261",59.29,"sp|P03725|GP15_BPT7",77,"sp|P03801|GP67_BPT7",64
"262",58.92,"sp|P03728|PORTL_BPT7",406,"sp|P03725|GP15_BPT7",50
"263",57.33,"sp|P03725|GP15_BPT7",722,"sp|P03801|GP67_BPT7",64
"264",57.07,"sp|P19727|CAPSB_BPT7",0,"sp|P19727|CAPSB_BPT7",88
"265",53.68,"sp|P03748|FIBER_BPT7",536,"sp|P19727|CAPSB_BPT7",0
"266",47.92,"sp|P03801|GP67_BPT7",11,"sp|P03801|GP67_BPT7",76
"267",47.92,"sp|P03728|PORTL_BPT7",342,"sp|P03751|GP73_BPT7",14
"268",45.16,"sp|P19727|CAPSB_BPT7",0,"sp|P19727|CAPSB_BPT7",85
"269",45.16,"sp|P03725|GP15_BPT7",540,"sp|P03725|GP15_BPT7",543
"270",44.72,"sp|P03725|GP15_BPT7",268,"sp|P03801|GP67_BPT7",66
"271",44.72,"sp|P03724|GP14_BPT7",190,"sp|P03725|GP15_BPT7",77
"272",44.53,"sp|P03725|GP15_BPT7",123,"sp|P03801|GP67_BPT7",8
"273",43.82,"sp|P03725|GP15_BPT7",584,"sp|P03725|GP15_BPT7",543
"274",43.07,"sp|P03725|GP15_BPT7",448,"sp|P03724|GP14_BPT7",193
"275",42.72,"sp|P03725|GP15_BPT7",338,"sp|P03801|GP67_BPT7",64
"276",41.94,"sp|P03725|GP15_BPT7",448,"sp|P03801|GP67_BPT7",55
"277",41.57,"sp|P03725|GP15_BPT7",50,"sp|P03724|GP14_BPT7",193
"278",41.24,"sp|P03725|GP15_BPT7",125,"sp|P03801|GP67_BPT7",55
"279",41.22,"sp|P03726|EXLYS_BPT7",651,"sp|P03726|EXLYS_BPT7",550
"280",40.33,"sp|P03725|GP15_BPT7",50,"sp|P03725|GP15_BPT7",77
"281",40.1,"sp|P03728|PORTL_BPT7",342,"sp|P03801|GP67_BPT7",11
