Checked,Crosslink Sequence,Max XlinkX Score,Crosslinker,Crosslink Type,Number of CSMs,Number of Proteins,Sequence A,Modifications A,Accession A,Position A,Sequence B,Modifications B,Accession B,Position B,Protein Descriptions A,Protein Descriptions B
FALSE,EGTTGQKHVFPANK;       |;GVVAAGDKLALFLK,428.64,DSSO,Intra,6,2,EGTTGQ[K]HVFPANK,1xDSSO [K7],P19727,269,GVVAAGD[K]LALFLK,1xDSSO [K8],P19727,24,CAPSB_BPT7 Minor capsid protein OS=Escherichia phage T7 OX=10760 GN=10 PE=1 SV=1;CAPSA_BPT7 Major capsid protein OS=Escherichia phage T7 OX=10760 GN=10 PE=1 SV=1,CAPSB_BPT7 Minor capsid protein OS=Escherichia phage T7 OX=10760 GN=10 PE=1 SV=1;CAPSA_BPT7 Major capsid protein OS=Escherichia phage T7 OX=10760 GN=10 PE=1 SV=1
FALSE,SQFETDAKLNEQYR;         |;HSDMVNYANKK,415.73,DSSO,Intra,14,1,SQFETDA[K]LNEQYR,1xDSSO [K8],P03725,304,HSDMVNYAN[K]K,1xOxidation [M4]; 1xDSSO [K10],P03725,427,GP15_BPT7 Internal virion protein gp15 OS=Escherichia phage T7 OX=10760 GN=15 PE=1 SV=1,GP15_BPT7 Internal virion protein gp15 OS=Escherichia phage T7 OX=10760 GN=15 PE=1 SV=1
FALSE,FEDDKAFESALNASKAPEIAR;              |;        YLQADSKDGAFR,411.39,DSSO,Intra,6,1,FEDDKAFESALNAS[K]APEIAR,1xDSSO [K15],P03725,561,YLQADS[K]DGAFR,1xDSSO [K7],P03725,455,GP15_BPT7 Internal virion protein gp15 OS=Escherichia phage T7 OX=10760 GN=15 PE=1 SV=1,GP15_BPT7 Internal virion protein gp15 OS=Escherichia phage T7 OX=10760 GN=15 PE=1 SV=1
FALSE,SQFETDAKLNEQYR;       |;       KGLKVER,362.01,DSSO,Inter,2,2,SQFETDA[K]LNEQYR,1xDSSO [K8],P03725,304,[K]GLKVER,1xDSSO [K1],P03801,52,GP15_BPT7 Internal virion protein gp15 OS=Escherichia phage T7 OX=10760 GN=15 PE=1 SV=1,GP67_BPT7 Protein 6.7 OS=Escherichia phage T7 OX=10760 GN=6.7 PE=4 SV=1
FALSE,RTGLAEDGAKSVYER;         |;        LKNDRAPYETR,340.45,DSSO,Intra,23,1,RTGLAEDGA[K]SVYER,1xDSSO [K10],P03728,14,L[K]NDRAPYETR,1xDSSO [K2],P03728,21,PORTL_BPT7 Portal protein OS=Escherichia phage T7 OX=10760 GN=8 PE=1 SV=1,PORTL_BPT7 Portal protein OS=Escherichia phage T7 OX=10760 GN=8 PE=1 SV=1
FALSE,SQFETDAKLNEQYR;       |;   IKTPKMDTNQIR,338.89,DSSO,Inter,11,2,SQFETDA[K]LNEQYR,1xDSSO [K8],P03725,304,IKTP[K]MDTNQIR,1xOxidation [M6]; 1xDSSO [K5],P03801,11,GP15_BPT7 Internal virion protein gp15 OS=Escherichia phage T7 OX=10760 GN=15 PE=1 SV=1,GP67_BPT7 Protein 6.7 OS=Escherichia phage T7 OX=10760 GN=6.7 PE=4 SV=1
FALSE,SKLEEASAELTSQNMQK;    |;IKTPKMDTNQIR,337.22,DSSO,Inter,13,2,S[K]LEEASAELTSQNMQK,1xOxidation [M15]; 1xDSSO [K2],P03724,59,IKTP[K]MDTNQIR,1xOxidation [M6]; 1xDSSO [K5],P03801,11,GP14_BPT7 Internal virion protein gp14 OS=Escherichia phage T7 OX=10760 GN=14 PE=1 SV=1,GP67_BPT7 Protein 6.7 OS=Escherichia phage T7 OX=10760 GN=6.7 PE=4 SV=1
FALSE,GEDGKFTVKDK;        |;     SLIKEHMVR,331.34,DSSO,Intra,3,1,GEDGKFTV[K]DK,1xDSSO [K9],P03726,1058,SLI[K]EHMVR,1xOxidation [M7]; 1xDSSO [K4],P03726,1044,EXLYS_BPT7 Peptidoglycan transglycosylase gp16 OS=Escherichia phage T7 OX=10760 GN=16 PE=1 SV=1,EXLYS_BPT7 Peptidoglycan transglycosylase gp16 OS=Escherichia phage T7 OX=10760 GN=16 PE=1 SV=1
FALSE,NISLYGAHDNFLSQQAQKGAIMNSR;                 |;             AELDKVQPDEQMTPQR,321.94,DSSO,Intra,2,1,NISLYGAHDNFLSQQAQ[K]GAIMNSR,1xOxidation [M22]; 1xDSSO [K18],P03725,192,AELD[K]VQPDEQMTPQR,1xOxidation [M12]; 1xDSSO [K5],P03725,338,GP15_BPT7 Internal virion protein gp15 OS=Escherichia phage T7 OX=10760 GN=15 PE=1 SV=1,GP15_BPT7 Internal virion protein gp15 OS=Escherichia phage T7 OX=10760 GN=15 PE=1 SV=1
FALSE,TLKEFSEVDPEKAAR;           |;       GEDGKFTVK,315.66,DSSO,Intra,6,1,TLKEFSEVDPE[K]AAR,1xDSSO [K12],P03726,504,GEDG[K]FTVK,1xDSSO [K5],P03726,1054,EXLYS_BPT7 Peptidoglycan transglycosylase gp16 OS=Escherichia phage T7 OX=10760 GN=16 PE=1 SV=1,EXLYS_BPT7 Peptidoglycan transglycosylase gp16 OS=Escherichia phage T7 OX=10760 GN=16 PE=1 SV=1
FALSE,FEDDKAFESALNASKAPEIAR;              |;              KIYDSVK,313.83,DSSO,Intra,6,1,FEDDKAFESALNAS[K]APEIAR,1xDSSO [K15],P03725,561,[K]IYDSVK,1xDSSO [K1],P03725,578,GP15_BPT7 Internal virion protein gp15 OS=Escherichia phage T7 OX=10760 GN=15 PE=1 SV=1,GP15_BPT7 Internal virion protein gp15 OS=Escherichia phage T7 OX=10760 GN=15 PE=1 SV=1
FALSE,ASMTGGQQMGTNQGK;       |;GVVAAGDKLALFLK,302.9,DSSO,Intra,5,2,[A]SMTGGQQMGTNQGK,2xOxidation [M3; M9]; 1xDSSO [A1],P19727,1,GVVAAGD[K]LALFLK,1xDSSO [K8],P19727,24,CAPSB_BPT7 Minor capsid protein OS=Escherichia phage T7 OX=10760 GN=10 PE=1 SV=1;CAPSA_BPT7 Major capsid protein OS=Escherichia phage T7 OX=10760 GN=10 PE=1 SV=1,CAPSB_BPT7 Minor capsid protein OS=Escherichia phage T7 OX=10760 GN=10 PE=1 SV=1;CAPSA_BPT7 Major capsid protein OS=Escherichia phage T7 OX=10760 GN=10 PE=1 SV=1
FALSE,SPMAGQLETFGGITPKGK;               |;  GIPAEVGLAGIGHKQK,298.2,DSSO,Intra,2,1,SPMAGQLETFGGITP[K]GK,1xOxidation [M3]; 1xDSSO [K16],P03726,163,GIPAEVGLAGIGH[K]QK,1xDSSO [K14],P03726,179,EXLYS_BPT7 Peptidoglycan transglycosylase gp16 OS=Escherichia phage T7 OX=10760 GN=16 PE=1 SV=1,EXLYS_BPT7 Peptidoglycan transglycosylase gp16 OS=Escherichia phage T7 OX=10760 GN=16 PE=1 SV=1
FALSE,EGTTGQKHVFPANKGEGNVK;      |; SISSGKSAQFPVLGR,289.16,DSSO,Intra,8,2,EGTTGQ[K]HVFPANKGEGNVK,1xDSSO [K7],P19727,269,SISSG[K]SAQFPVLGR,1xDSSO [K6],P19727,59,CAPSB_BPT7 Minor capsid protein OS=Escherichia phage T7 OX=10760 GN=10 PE=1 SV=1;CAPSA_BPT7 Major capsid protein OS=Escherichia phage T7 OX=10760 GN=10 PE=1 SV=1,CAPSB_BPT7 Minor capsid protein OS=Escherichia phage T7 OX=10760 GN=10 PE=1 SV=1;CAPSA_BPT7 Major capsid protein OS=Escherichia phage T7 OX=10760 GN=10 PE=1 SV=1
FALSE,QLLSDPDGLAKVDEGLSMVER;          |;        FAKAGADMYTAK,277.26,DSSO,Inter,4,2,QLLSDPDGLA[K]VDEGLSMVER,1xOxidation [M18]; 1xDSSO [K11],P03728,105,FA[K]AGADMYTAK,1xOxidation [M8]; 1xDSSO [K3],P03725,50,PORTL_BPT7 Portal protein OS=Escherichia phage T7 OX=10760 GN=8 PE=1 SV=1,GP15_BPT7 Internal virion protein gp15 OS=Escherichia phage T7 OX=10760 GN=15 PE=1 SV=1
FALSE,VLLKQLQATQQIPELPK;        |;AGADMYTAKEQR,276.21,DSSO,Inter,6,2,VLL[K]QLQATQQIPELPK,1xDSSO [K4],P03728,406,AGADMYTA[K]EQR,1xOxidation [M5]; 1xDSSO [K9],P03725,59,PORTL_BPT7 Portal protein OS=Escherichia phage T7 OX=10760 GN=8 PE=1 SV=1,GP15_BPT7 Internal virion protein gp15 OS=Escherichia phage T7 OX=10760 GN=15 PE=1 SV=1
FALSE,SISSGKSAQFPVLGR;      |;SAVGTVKLR,276.12,DSSO,Intra,6,2,SISSG[K]SAQFPVLGR,1xDSSO [K6],P19727,59,SAVGTV[K]LR,1xDSSO [K7],P19727,302,CAPSB_BPT7 Minor capsid protein OS=Escherichia phage T7 OX=10760 GN=10 PE=1 SV=1;CAPSA_BPT7 Major capsid protein OS=Escherichia phage T7 OX=10760 GN=10 PE=1 SV=1,CAPSB_BPT7 Minor capsid protein OS=Escherichia phage T7 OX=10760 GN=10 PE=1 SV=1;CAPSA_BPT7 Major capsid protein OS=Escherichia phage T7 OX=10760 GN=10 PE=1 SV=1
FALSE,SQFETDAKLNEQYR;       |;      LKINSALNQEDPR,274.92,DSSO,Intra,5,1,SQFETDA[K]LNEQYR,1xDSSO [K8],P03725,304,L[K]INSALNQEDPR,1xDSSO [K2],P03725,312,GP15_BPT7 Internal virion protein gp15 OS=Escherichia phage T7 OX=10760 GN=15 PE=1 SV=1,GP15_BPT7 Internal virion protein gp15 OS=Escherichia phage T7 OX=10760 GN=15 PE=1 SV=1
FALSE,AELDKVQPDEQMTPQR;    |;   LKINSALNQEDPR,273.23,DSSO,Intra,6,1,AELD[K]VQPDEQMTPQR,1xOxidation [M12]; 1xDSSO [K5],P03725,338,L[K]INSALNQEDPR,1xDSSO [K2],P03725,312,GP15_BPT7 Internal virion protein gp15 OS=Escherichia phage T7 OX=10760 GN=15 PE=1 SV=1,GP15_BPT7 Internal virion protein gp15 OS=Escherichia phage T7 OX=10760 GN=15 PE=1 SV=1
FALSE,NISLYGAHDNFLSQQAQKGAIMNSR;                 |;                LKINSALNQEDPR,272.97,DSSO,Intra,1,1,NISLYGAHDNFLSQQAQ[K]GAIMNSR,1xOxidation [M22]; 1xDSSO [K18],P03725,192,L[K]INSALNQEDPR,1xDSSO [K2],P03725,312,GP15_BPT7 Internal virion protein gp15 OS=Escherichia phage T7 OX=10760 GN=15 PE=1 SV=1,GP15_BPT7 Internal virion protein gp15 OS=Escherichia phage T7 OX=10760 GN=15 PE=1 SV=1
FALSE,SQFETDAKLNEQYR;       |;      SKASGNGSAR,270.84,DSSO,Inter,3,2,SQFETDA[K]LNEQYR,1xDSSO [K8],P03725,304,S[K]ASGNGSAR,1xDSSO [K2],P03801,66,GP15_BPT7 Internal virion protein gp15 OS=Escherichia phage T7 OX=10760 GN=15 PE=1 SV=1,GP67_BPT7 Protein 6.7 OS=Escherichia phage T7 OX=10760 GN=6.7 PE=4 SV=1
FALSE,HSDMVNYANKK;         |;  APIVAATKAR,269.08,DSSO,Intra,1,1,HSDMVNYAN[K]K,1xOxidation [M4]; 1xDSSO [K10],P03725,427,APIVAAT[K]AR,1xDSSO [K8],P03725,722,GP15_BPT7 Internal virion protein gp15 OS=Escherichia phage T7 OX=10760 GN=15 PE=1 SV=1,GP15_BPT7 Internal virion protein gp15 OS=Escherichia phage T7 OX=10760 GN=15 PE=1 SV=1
FALSE,VAKDNVIGLFMHR;    |;AALTKNYVPAADR,265.51,DSSO,Intra,12,2,VA[K]DNVIGLFMHR,1xOxidation [M11]; 1xDSSO [K3],P19727,285,AALT[K]NYVPAADR,1xDSSO [K5],P19727,197,CAPSB_BPT7 Minor capsid protein OS=Escherichia phage T7 OX=10760 GN=10 PE=1 SV=1;CAPSA_BPT7 Major capsid protein OS=Escherichia phage T7 OX=10760 GN=10 PE=1 SV=1,CAPSB_BPT7 Minor capsid protein OS=Escherichia phage T7 OX=10760 GN=10 PE=1 SV=1;CAPSA_BPT7 Major capsid protein OS=Escherichia phage T7 OX=10760 GN=10 PE=1 SV=1
FALSE,SKPEAEFDNEFIGPMMR;    |;DTLYKSKPVSAK,265.36,DSSO,Intra,5,1,S[K]PEAEFDNEFIGPMMR,2xOxidation [M15; M16]; 1xDSSO [K2],P03726,416,DTLY[K]SKPVSAK,1xDSSO [K5],P03726,919,EXLYS_BPT7 Peptidoglycan transglycosylase gp16 OS=Escherichia phage T7 OX=10760 GN=16 PE=1 SV=1,EXLYS_BPT7 Peptidoglycan transglycosylase gp16 OS=Escherichia phage T7 OX=10760 GN=16 PE=1 SV=1
FALSE,TGLAEDGAKSVYER;         |;KAVEGQGGEKK,265.29,DSSO,Intra,4,1,TGLAEDGA[K]SVYER,1xDSSO [K9],P03728,14,KAVEGQGGE[K]K,1xDSSO [K10],P03728,205,PORTL_BPT7 Portal protein OS=Escherichia phage T7 OX=10760 GN=8 PE=1 SV=1,PORTL_BPT7 Portal protein OS=Escherichia phage T7 OX=10760 GN=8 PE=1 SV=1
FALSE,SKLEEASAELTSQNMQK; |;SKASGNGSAR,264.43,DSSO,Inter,2,2,S[K]LEEASAELTSQNMQK,1xOxidation [M15]; 1xDSSO [K2],P03724,59,S[K]ASGNGSAR,1xDSSO [K2],P03801,66,GP14_BPT7 Internal virion protein gp14 OS=Escherichia phage T7 OX=10760 GN=14 PE=1 SV=1,GP67_BPT7 Protein 6.7 OS=Escherichia phage T7 OX=10760 GN=6.7 PE=4 SV=1
FALSE,AGADMYTAKEQR;        |;     STTKAPIVAAK,263.75,DSSO,Inter,2,2,AGADMYTA[K]EQR,1xOxidation [M5]; 1xDSSO [K9],P03725,59,STT[K]APIVAAK,1xDSSO [K4],P03724,183,GP15_BPT7 Internal virion protein gp15 OS=Escherichia phage T7 OX=10760 GN=15 PE=1 SV=1,GP14_BPT7 Internal virion protein gp14 OS=Escherichia phage T7 OX=10760 GN=14 PE=1 SV=1
FALSE,HSDMVNYANKK;         |;       TPKMDTNQIR,260.09,DSSO,Inter,3,2,HSDMVNYAN[K]K,1xOxidation [M4]; 1xDSSO [K10],P03725,427,TP[K]MDTNQIR,1xOxidation [M4]; 1xDSSO [K3],P03801,11,GP15_BPT7 Internal virion protein gp15 OS=Escherichia phage T7 OX=10760 GN=15 PE=1 SV=1,GP67_BPT7 Protein 6.7 OS=Escherichia phage T7 OX=10760 GN=6.7 PE=4 SV=1
FALSE,GQDLDKLER;     |;    SKASGNGSAR,258.61,DSSO,Inter,1,2,GQDLD[K]LER,1xDSSO [K6],P03728,441,S[K]ASGNGSAR,1xDSSO [K2],P03801,66,PORTL_BPT7 Portal protein OS=Escherichia phage T7 OX=10760 GN=8 PE=1 SV=1,GP67_BPT7 Protein 6.7 OS=Escherichia phage T7 OX=10760 GN=6.7 PE=4 SV=1
FALSE,MNTENMKFEGEHNGVPYEDLPTER;          |;TGPLGMMQFTKATAK,257.47,DSSO,Intra,2,1,MNTENM[K]FEGEHNGVPYEDLPTER,2xOxidation [M1; M6]; 1xDSSO [K7],P03726,455,TGPLGMMQFT[K]ATAK,2xOxidation [M6; M7]; 1xDSSO [K11],P03726,58,EXLYS_BPT7 Peptidoglycan transglycosylase gp16 OS=Escherichia phage T7 OX=10760 GN=16 PE=1 SV=1,EXLYS_BPT7 Peptidoglycan transglycosylase gp16 OS=Escherichia phage T7 OX=10760 GN=16 PE=1 SV=1
FALSE,SPMAGQLETFGGITPKGK;               |;               MDKYDK,257.46,DSSO,Intra,3,1,SPMAGQLETFGGITP[K]GK,1xOxidation [M3]; 1xDSSO [K16],P03726,163,[M]DKYDK,1xOxidation [M1]; 1xDSSO [M1],P03726,1,EXLYS_BPT7 Peptidoglycan transglycosylase gp16 OS=Escherichia phage T7 OX=10760 GN=16 PE=1 SV=1,EXLYS_BPT7 Peptidoglycan transglycosylase gp16 OS=Escherichia phage T7 OX=10760 GN=16 PE=1 SV=1
FALSE,MNTENMKFEGEHNGVPYEDLPTER;      |;   ATAKALGLR,256.85,DSSO,Intra,6,1,MNTENM[K]FEGEHNGVPYEDLPTER,2xOxidation [M1; M6]; 1xDSSO [K7],P03726,455,ATA[K]ALGLR,1xDSSO [K4],P03726,62,EXLYS_BPT7 Peptidoglycan transglycosylase gp16 OS=Escherichia phage T7 OX=10760 GN=16 PE=1 SV=1,EXLYS_BPT7 Peptidoglycan transglycosylase gp16 OS=Escherichia phage T7 OX=10760 GN=16 PE=1 SV=1
FALSE,LTISEYEAKQLLSDPDGLAK;        |;AGADMYTAKEQR,256.15,DSSO,Inter,2,2,LTISEYEA[K]QLLSDPDGLAK,1xDSSO [K9],P03728,94,AGADMYTA[K]EQR,1xOxidation [M5]; 1xDSSO [K9],P03725,59,PORTL_BPT7 Portal protein OS=Escherichia phage T7 OX=10760 GN=8 PE=1 SV=1,GP15_BPT7 Internal virion protein gp15 OS=Escherichia phage T7 OX=10760 GN=15 PE=1 SV=1
FALSE,SMNKLDVIDKQFQK;         |;        MKSSIR,253.83,DSSO,Inter,4,2,SMNKLDVID[K]QFQK,1xOxidation [M2]; 1xDSSO [K10],P03725,389,M[K]SSIR,1xOxidation [M1]; 1xDSSO [K2],P03801,76,GP15_BPT7 Internal virion protein gp15 OS=Escherichia phage T7 OX=10760 GN=15 PE=1 SV=1,GP67_BPT7 Protein 6.7 OS=Escherichia phage T7 OX=10760 GN=6.7 PE=4 SV=1
FALSE,HSDMVNYANKK;         |;      STTKAPIVAAK,253.82,DSSO,Inter,3,2,HSDMVNYAN[K]K,1xOxidation [M4]; 1xDSSO [K10],P03725,427,STT[K]APIVAAK,1xDSSO [K4],P03724,183,GP15_BPT7 Internal virion protein gp15 OS=Escherichia phage T7 OX=10760 GN=15 PE=1 SV=1,GP14_BPT7 Internal virion protein gp14 OS=Escherichia phage T7 OX=10760 GN=14 PE=1 SV=1
FALSE,SQFETDAKLNEQYR;       |;       KSAFGGK,253.71,DSSO,Inter,2,2,SQFETDA[K]LNEQYR,1xDSSO [K8],P03725,304,[K]SAFGGK,1xDSSO [K1],P03801,81,GP15_BPT7 Internal virion protein gp15 OS=Escherichia phage T7 OX=10760 GN=15 PE=1 SV=1,GP67_BPT7 Protein 6.7 OS=Escherichia phage T7 OX=10760 GN=6.7 PE=4 SV=1
FALSE,MNTENMKFEGEHNGVPYEDLPTER;      |;     SKTGPLGMMQFTK,251.99,DSSO,Intra,3,1,MNTENM[K]FEGEHNGVPYEDLPTER,2xOxidation [M1; M6]; 1xDSSO [K7],P03726,455,S[K]TGPLGMMQFTK,2xOxidation [M8; M9]; 1xDSSO [K2],P03726,47,EXLYS_BPT7 Peptidoglycan transglycosylase gp16 OS=Escherichia phage T7 OX=10760 GN=16 PE=1 SV=1,EXLYS_BPT7 Peptidoglycan transglycosylase gp16 OS=Escherichia phage T7 OX=10760 GN=16 PE=1 SV=1
FALSE,LTKAQTGDFVTGRPEDISFLQLEK;     |;SISSGKSAQFPVLGR,249.87,DSSO,Inter,1,3,LT[K]AQTGDFVTGRPEDISFLQLEK,1xDSSO [K3],P03728,313,SISSG[K]SAQFPVLGR,1xDSSO [K6],P19727,59,PORTL_BPT7 Portal protein OS=Escherichia phage T7 OX=10760 GN=8 PE=1 SV=1,CAPSB_BPT7 Minor capsid protein OS=Escherichia phage T7 OX=10760 GN=10 PE=1 SV=1;CAPSA_BPT7 Major capsid protein OS=Escherichia phage T7 OX=10760 GN=10 PE=1 SV=1
FALSE,SISSGKSAQFPVLGR;     |; AALTKNYVPAADR,249.45,DSSO,Intra,2,2,SISSG[K]SAQFPVLGR,1xDSSO [K6],P19727,59,AALT[K]NYVPAADR,1xDSSO [K5],P19727,197,CAPSB_BPT7 Minor capsid protein OS=Escherichia phage T7 OX=10760 GN=10 PE=1 SV=1;CAPSA_BPT7 Major capsid protein OS=Escherichia phage T7 OX=10760 GN=10 PE=1 SV=1,CAPSB_BPT7 Minor capsid protein OS=Escherichia phage T7 OX=10760 GN=10 PE=1 SV=1;CAPSA_BPT7 Major capsid protein OS=Escherichia phage T7 OX=10760 GN=10 PE=1 SV=1
FALSE,ELMENPAIFGNTKAVSIFPESR;            |;VNGDIAIMGSTGKTTK,249.15,DSSO,Intra,5,1,ELMENPAIFGNT[K]AVSIFPESR,1xOxidation [M3]; 1xDSSO [K13],P03726,651,VNGDIAIMGSTG[K]TTK,1xOxidation [M8]; 1xDSSO [K13],P03726,819,EXLYS_BPT7 Peptidoglycan transglycosylase gp16 OS=Escherichia phage T7 OX=10760 GN=16 PE=1 SV=1,EXLYS_BPT7 Peptidoglycan transglycosylase gp16 OS=Escherichia phage T7 OX=10760 GN=16 PE=1 SV=1
FALSE,LKINSALNQEDPR;  |;TPKMDTNQIR,248.59,DSSO,Inter,4,2,L[K]INSALNQEDPR,1xDSSO [K2],P03725,312,TP[K]MDTNQIR,1xOxidation [M4]; 1xDSSO [K3],P03801,11,GP15_BPT7 Internal virion protein gp15 OS=Escherichia phage T7 OX=10760 GN=15 PE=1 SV=1,GP67_BPT7 Protein 6.7 OS=Escherichia phage T7 OX=10760 GN=6.7 PE=4 SV=1
FALSE,LKINSALNQEDPR; |;MKSSIR,248.59,DSSO,Inter,2,2,L[K]INSALNQEDPR,1xDSSO [K2],P03725,312,M[K]SSIR,1xOxidation [M1]; 1xDSSO [K2],P03801,76,GP15_BPT7 Internal virion protein gp15 OS=Escherichia phage T7 OX=10760 GN=15 PE=1 SV=1,GP67_BPT7 Protein 6.7 OS=Escherichia phage T7 OX=10760 GN=6.7 PE=4 SV=1
FALSE,TQAAYLAPGENLDDKR;              |;         SISSGKSAQFPVLGR,247.5,DSSO,Intra,2,2,TQAAYLAPGENLDD[K]R,1xDSSO [K15],P19727,83,SISSG[K]SAQFPVLGR,1xDSSO [K6],P19727,59,CAPSB_BPT7 Minor capsid protein OS=Escherichia phage T7 OX=10760 GN=10 PE=1 SV=1;CAPSA_BPT7 Major capsid protein OS=Escherichia phage T7 OX=10760 GN=10 PE=1 SV=1,CAPSB_BPT7 Minor capsid protein OS=Escherichia phage T7 OX=10760 GN=10 PE=1 SV=1;CAPSA_BPT7 Major capsid protein OS=Escherichia phage T7 OX=10760 GN=10 PE=1 SV=1
FALSE,SKLEEASAELTSQNMQK; |; KGLKVER,246.96,DSSO,Inter,2,2,S[K]LEEASAELTSQNMQK,1xOxidation [M15]; 1xDSSO [K2],P03724,59,[K]GLKVER,1xDSSO [K1],P03801,52,GP14_BPT7 Internal virion protein gp14 OS=Escherichia phage T7 OX=10760 GN=14 PE=1 SV=1,GP67_BPT7 Protein 6.7 OS=Escherichia phage T7 OX=10760 GN=6.7 PE=4 SV=1
FALSE,EKALADVNKR;    |;KLEEKAR,245.38,DSSO,Intra,10,1,E[K]ALADVNKR,1xDSSO [K2],P03725,706,KLEE[K]AR,1xDSSO [K5],P03725,702,GP15_BPT7 Internal virion protein gp15 OS=Escherichia phage T7 OX=10760 GN=15 PE=1 SV=1,GP15_BPT7 Internal virion protein gp15 OS=Escherichia phage T7 OX=10760 GN=15 PE=1 SV=1
FALSE,SQFETDAKLNEQYR;       |;      MKSSIR,244.51,DSSO,Inter,1,2,SQFETDA[K]LNEQYR,1xDSSO [K8],P03725,304,M[K]SSIR,1xOxidation [M1]; 1xDSSO [K2],P03801,76,GP15_BPT7 Internal virion protein gp15 OS=Escherichia phage T7 OX=10760 GN=15 PE=1 SV=1,GP67_BPT7 Protein 6.7 OS=Escherichia phage T7 OX=10760 GN=6.7 PE=4 SV=1
FALSE,YPNGSNYIKTANPR;        |;VFDLSGNEKQVR,244.26,DSSO,Intra,2,1,YPNGSNYI[K]TANPR,1xDSSO [K9],P03747,108,VFDLSGNE[K]QVR,1xDSSO [K9],P03747,96,TUBE2_BPT7 Tail tubular protein gp12 OS=Escherichia phage T7 OX=10760 GN=12 PE=1 SV=1,TUBE2_BPT7 Tail tubular protein gp12 OS=Escherichia phage T7 OX=10760 GN=12 PE=1 SV=1
FALSE,SQFETDAKLNEQYR;       |;    KGLKVER,242.91,DSSO,Inter,4,2,SQFETDA[K]LNEQYR,1xDSSO [K8],P03725,304,KGL[K]VER,1xDSSO [K4],P03801,55,GP15_BPT7 Internal virion protein gp15 OS=Escherichia phage T7 OX=10760 GN=15 PE=1 SV=1,GP67_BPT7 Protein 6.7 OS=Escherichia phage T7 OX=10760 GN=6.7 PE=4 SV=1
FALSE,YLQADSKDGAFR;      |;  VRYDKELLSK,242.76,DSSO,Intra,17,1,YLQADS[K]DGAFR,1xDSSO [K7],P03725,455,VRYD[K]ELLSK,1xDSSO [K5],P03725,685,GP15_BPT7 Internal virion protein gp15 OS=Escherichia phage T7 OX=10760 GN=15 PE=1 SV=1,GP15_BPT7 Internal virion protein gp15 OS=Escherichia phage T7 OX=10760 GN=15 PE=1 SV=1
FALSE,TAIGTMVTDAGQEWSAAVINGKLPER;                     |;                    SKASGNGSAR,241.05,DSSO,Inter,2,2,TAIGTMVTDAGQEWSAAVING[K]LPER,1xOxidation [M6]; 1xDSSO [K22],P03725,482,S[K]ASGNGSAR,1xDSSO [K2],P03801,66,GP15_BPT7 Internal virion protein gp15 OS=Escherichia phage T7 OX=10760 GN=15 PE=1 SV=1,GP67_BPT7 Protein 6.7 OS=Escherichia phage T7 OX=10760 GN=6.7 PE=4 SV=1
FALSE,HSDMVNYANKK;         |;   APIVAAKGTK,240.23,DSSO,Inter,2,2,HSDMVNYAN[K]K,1xOxidation [M4]; 1xDSSO [K10],P03725,427,APIVAA[K]GTK,1xDSSO [K7],P03724,190,GP15_BPT7 Internal virion protein gp15 OS=Escherichia phage T7 OX=10760 GN=15 PE=1 SV=1,GP14_BPT7 Internal virion protein gp14 OS=Escherichia phage T7 OX=10760 GN=14 PE=1 SV=1
FALSE,QKVTQELPESTSFDVK;        |;GIEQEATAKPFAK,239.87,DSSO,Intra,1,1,Q[K]VTQELPESTSFDVK,1xDSSO [K2],P03726,181,GIEQEATA[K]PFAK,1xDSSO [K9],P03726,204,EXLYS_BPT7 Peptidoglycan transglycosylase gp16 OS=Escherichia phage T7 OX=10760 GN=16 PE=1 SV=1,EXLYS_BPT7 Peptidoglycan transglycosylase gp16 OS=Escherichia phage T7 OX=10760 GN=16 PE=1 SV=1
FALSE,APIVAATKAR;       |;    VGDKK,236.12,DSSO,Intra,2,1,APIVAAT[K]AR,1xDSSO [K8],P03725,722,VGD[K]K,1xDSSO [K4],P03725,267,GP15_BPT7 Internal virion protein gp15 OS=Escherichia phage T7 OX=10760 GN=15 PE=1 SV=1,GP15_BPT7 Internal virion protein gp15 OS=Escherichia phage T7 OX=10760 GN=15 PE=1 SV=1
FALSE,FEDDKAFESALNASKAPEIAR;    |;   SKEQR,235.81,DSSO,Intra,3,1,FEDD[K]AFESALNASKAPEIAR,1xDSSO [K5],P03725,551,S[K]EQR,1xDSSO [K2],P03725,543,GP15_BPT7 Internal virion protein gp15 OS=Escherichia phage T7 OX=10760 GN=15 PE=1 SV=1,GP15_BPT7 Internal virion protein gp15 OS=Escherichia phage T7 OX=10760 GN=15 PE=1 SV=1
FALSE,IKTPKMDTNQIR;    |;   IKTPK,234.41,DSSO,Intra,4,2,IKTP[K]MDTNQIR,1xOxidation [M6]; 1xDSSO [K5],P03801,11,I[K]TPK,1xDSSO [K2],P03801,8,GP67_BPT7 Protein 6.7 OS=Escherichia phage T7 OX=10760 GN=6.7 PE=4 SV=1,GP67_BPT7 Protein 6.7 OS=Escherichia phage T7 OX=10760 GN=6.7 PE=4 SV=1;DPOL_BPT7 DNA-directed DNA polymerase OS=Escherichia phage T7 OX=10760 GN=5 PE=1 SV=1
FALSE,IKTPKMDTNQIR;    |;  TPKMDTNQIR,234.41,DSSO,Intra,3,1,IKTP[K]MDTNQIR,1xOxidation [M6]; 1xDSSO [K5],P03801,11,TP[K]MDTNQIR,1xOxidation [M4]; 1xDSSO [K3],P03801,11,GP67_BPT7 Protein 6.7 OS=Escherichia phage T7 OX=10760 GN=6.7 PE=4 SV=1,GP67_BPT7 Protein 6.7 OS=Escherichia phage T7 OX=10760 GN=6.7 PE=4 SV=1
FALSE,SMNKLDVIDKQFQK;         |;  APIVAATKAR,231.96,DSSO,Intra,2,1,SMNKLDVID[K]QFQK,1xDSSO [K10]; 1xOxidation [M2],P03725,389,APIVAAT[K]AR,1xDSSO [K8],P03725,722,GP15_BPT7 Internal virion protein gp15 OS=Escherichia phage T7 OX=10760 GN=15 PE=1 SV=1,GP15_BPT7 Internal virion protein gp15 OS=Escherichia phage T7 OX=10760 GN=15 PE=1 SV=1
FALSE,SPMAGQLETFGGITPKGK;               |;               KVAWTESR,231.49,DSSO,Intra,3,1,SPMAGQLETFGGITP[K]GK,1xOxidation [M3]; 1xDSSO [K16],P03726,163,[K]VAWTESR,1xDSSO [K1],P03726,32,EXLYS_BPT7 Peptidoglycan transglycosylase gp16 OS=Escherichia phage T7 OX=10760 GN=16 PE=1 SV=1,EXLYS_BPT7 Peptidoglycan transglycosylase gp16 OS=Escherichia phage T7 OX=10760 GN=16 PE=1 SV=1
FALSE,HSDMVNYANKK;         |;         KSAFGGK,229.04,DSSO,Inter,1,2,HSDMVNYAN[K]K,1xOxidation [M4]; 1xDSSO [K10],P03725,427,[K]SAFGGK,1xDSSO [K1],P03801,81,GP15_BPT7 Internal virion protein gp15 OS=Escherichia phage T7 OX=10760 GN=15 PE=1 SV=1,GP67_BPT7 Protein 6.7 OS=Escherichia phage T7 OX=10760 GN=6.7 PE=4 SV=1
FALSE,LTISEYEAKQLLSDPDGLAK;        |;   GQDLDKLER,228.26,DSSO,Intra,2,1,LTISEYEA[K]QLLSDPDGLAK,1xDSSO [K9],P03728,94,GQDLD[K]LER,1xDSSO [K6],P03728,441,PORTL_BPT7 Portal protein OS=Escherichia phage T7 OX=10760 GN=8 PE=1 SV=1,PORTL_BPT7 Portal protein OS=Escherichia phage T7 OX=10760 GN=8 PE=1 SV=1
FALSE,SQFETDAKLNEQYR;       |;      IKEGVFR,226.88,DSSO,Intra,2,1,SQFETDA[K]LNEQYR,1xDSSO [K8],P03725,304,I[K]EGVFR,1xDSSO [K2],P03725,125,GP15_BPT7 Internal virion protein gp15 OS=Escherichia phage T7 OX=10760 GN=15 PE=1 SV=1,GP15_BPT7 Internal virion protein gp15 OS=Escherichia phage T7 OX=10760 GN=15 PE=1 SV=1
FALSE,QLQATQQIPELPKEAVEPTISTGLEAIGR;            |;    AGADMYTAKEQR,226.4,DSSO,Inter,1,2,QLQATQQIPELP[K]EAVEPTISTGLEAIGR,1xDSSO [K13],P03728,419,AGADMYTA[K]EQR,1xOxidation [M5]; 1xDSSO [K9],P03725,59,PORTL_BPT7 Portal protein OS=Escherichia phage T7 OX=10760 GN=8 PE=1 SV=1,GP15_BPT7 Internal virion protein gp15 OS=Escherichia phage T7 OX=10760 GN=15 PE=1 SV=1
FALSE,FEDDKAFESALNASKAPEIAR;    |;    KIYDSVK,226.23,DSSO,Intra,4,1,FEDD[K]AFESALNASKAPEIAR,1xDSSO [K5],P03725,551,[K]IYDSVK,1xDSSO [K1],P03725,578,GP15_BPT7 Internal virion protein gp15 OS=Escherichia phage T7 OX=10760 GN=15 PE=1 SV=1,GP15_BPT7 Internal virion protein gp15 OS=Escherichia phage T7 OX=10760 GN=15 PE=1 SV=1
FALSE,AELDKVQPDEQMTPQR;    |; SEQKQK,226.1,DSSO,Inter,2,2,AELD[K]VQPDEQMTPQR,1xOxidation [M12]; 1xDSSO [K5],P03725,338,SEQ[K]QK,1xDSSO [K4],P03724,148,GP15_BPT7 Internal virion protein gp15 OS=Escherichia phage T7 OX=10760 GN=15 PE=1 SV=1,GP14_BPT7 Internal virion protein gp14 OS=Escherichia phage T7 OX=10760 GN=14 PE=1 SV=1
FALSE,SKLEEASAELTSQNMQK; |;LKINSALNQEDPR,224.25,DSSO,Inter,2,2,S[K]LEEASAELTSQNMQK,1xOxidation [M15]; 1xDSSO [K2],P03724,59,L[K]INSALNQEDPR,1xDSSO [K2],P03725,312,GP14_BPT7 Internal virion protein gp14 OS=Escherichia phage T7 OX=10760 GN=14 PE=1 SV=1,GP15_BPT7 Internal virion protein gp15 OS=Escherichia phage T7 OX=10760 GN=15 PE=1 SV=1
FALSE,IANAIGIDTSGILLTEEQKQQK;                  |;                FAKAGADMYTAK,224.12,DSSO,Inter,1,2,IANAIGIDTSGILLTEEQ[K]QQK,1xDSSO [K19],P03728,488,FA[K]AGADMYTAK,1xOxidation [M8]; 1xDSSO [K3],P03725,50,PORTL_BPT7 Portal protein OS=Escherichia phage T7 OX=10760 GN=8 PE=1 SV=1,GP15_BPT7 Internal virion protein gp15 OS=Escherichia phage T7 OX=10760 GN=15 PE=1 SV=1
FALSE,YLQADSKDGAFR;      |;  SLNSKFLR,223.19,DSSO,Inter,6,2,YLQADS[K]DGAFR,1xDSSO [K7],P03725,455,SLNS[K]FLR,1xDSSO [K5],P03726,1119,GP15_BPT7 Internal virion protein gp15 OS=Escherichia phage T7 OX=10760 GN=15 PE=1 SV=1,EXLYS_BPT7 Peptidoglycan transglycosylase gp16 OS=Escherichia phage T7 OX=10760 GN=16 PE=1 SV=1
FALSE,ISFTKNAIDLQGEPYR;        |;YPNGSNYIKTANPR,221.66,DSSO,Intra,1,1,ISFT[K]NAIDLQGEPYR,1xDSSO [K5],P03747,580,YPNGSNYI[K]TANPR,1xDSSO [K9],P03747,108,TUBE2_BPT7 Tail tubular protein gp12 OS=Escherichia phage T7 OX=10760 GN=12 PE=1 SV=1,TUBE2_BPT7 Tail tubular protein gp12 OS=Escherichia phage T7 OX=10760 GN=12 PE=1 SV=1
FALSE,ALDDSMKSMNKLDVIDK;      |;  KLEEKAR,221.49,DSSO,Intra,2,1,ALDDSM[K]SMNKLDVIDK,2xOxidation [M6; M9]; 1xDSSO [K7],P03725,379,KLEE[K]AR,1xDSSO [K5],P03725,702,GP15_BPT7 Internal virion protein gp15 OS=Escherichia phage T7 OX=10760 GN=15 PE=1 SV=1,GP15_BPT7 Internal virion protein gp15 OS=Escherichia phage T7 OX=10760 GN=15 PE=1 SV=1
FALSE,GLKVERDDSVAK;  |; SKASGNGSAR,220.24,DSSO,Intra,1,1,GL[K]VERDDSVAK,1xDSSO [K3],P03801,55,S[K]ASGNGSAR,1xDSSO [K2],P03801,66,GP67_BPT7 Protein 6.7 OS=Escherichia phage T7 OX=10760 GN=6.7 PE=4 SV=1,GP67_BPT7 Protein 6.7 OS=Escherichia phage T7 OX=10760 GN=6.7 PE=4 SV=1
FALSE,SAVGTVKLR;      |;      KSLSVAR,219.25,DSSO,Inter,2,3,SAVGTV[K]LR,1xDSSO [K7],P19727,302,[K]SLSVAR,1xDSSO [K1],P03751,85,CAPSB_BPT7 Minor capsid protein OS=Escherichia phage T7 OX=10760 GN=10 PE=1 SV=1;CAPSA_BPT7 Major capsid protein OS=Escherichia phage T7 OX=10760 GN=10 PE=1 SV=1,GP73_BPT7 Protein 7.3 OS=Escherichia phage T7 OX=10760 GN=7.3 PE=1 SV=1
FALSE,ALDDSMKSMNK;      |;     EKALADVNKR,218.83,DSSO,Intra,4,1,ALDDSM[K]SMNK,2xOxidation [M6; M9]; 1xDSSO [K7],P03725,379,E[K]ALADVNKR,1xDSSO [K2],P03725,706,GP15_BPT7 Internal virion protein gp15 OS=Escherichia phage T7 OX=10760 GN=15 PE=1 SV=1,GP15_BPT7 Internal virion protein gp15 OS=Escherichia phage T7 OX=10760 GN=15 PE=1 SV=1
FALSE,HSDMVNYANKK;         |;        SKASGNGSAR,215.98,DSSO,Inter,2,2,HSDMVNYAN[K]K,1xOxidation [M4]; 1xDSSO [K10],P03725,427,S[K]ASGNGSAR,1xDSSO [K2],P03801,66,GP15_BPT7 Internal virion protein gp15 OS=Escherichia phage T7 OX=10760 GN=15 PE=1 SV=1,GP67_BPT7 Protein 6.7 OS=Escherichia phage T7 OX=10760 GN=6.7 PE=4 SV=1
FALSE,SQFETDAKLNEQYR;       |;      IKTPK,215.96,DSSO,Inter,1,3,SQFETDA[K]LNEQYR,1xDSSO [K8],P03725,304,I[K]TPK,1xDSSO [K2],P03801,8,GP15_BPT7 Internal virion protein gp15 OS=Escherichia phage T7 OX=10760 GN=15 PE=1 SV=1,GP67_BPT7 Protein 6.7 OS=Escherichia phage T7 OX=10760 GN=6.7 PE=4 SV=1;DPOL_BPT7 DNA-directed DNA polymerase OS=Escherichia phage T7 OX=10760 GN=5 PE=1 SV=1
FALSE,VNGDIAIMGSTGKTTK;            |;           AKAEGDGKK,215.11,DSSO,Intra,1,1,VNGDIAIMGSTG[K]TTK,1xOxidation [M8]; 1xDSSO [K13],P03726,819,A[K]AEGDGKK,1xDSSO [K2],P03726,834,EXLYS_BPT7 Peptidoglycan transglycosylase gp16 OS=Escherichia phage T7 OX=10760 GN=16 PE=1 SV=1,EXLYS_BPT7 Peptidoglycan transglycosylase gp16 OS=Escherichia phage T7 OX=10760 GN=16 PE=1 SV=1
FALSE,IKTPKMDTNQIR;    |;   IKEGVFR,214.55,DSSO,Inter,11,2,IKTP[K]MDTNQIR,1xOxidation [M6]; 1xDSSO [K5],P03801,11,I[K]EGVFR,1xDSSO [K2],P03725,125,GP67_BPT7 Protein 6.7 OS=Escherichia phage T7 OX=10760 GN=6.7 PE=4 SV=1,GP15_BPT7 Internal virion protein gp15 OS=Escherichia phage T7 OX=10760 GN=15 PE=1 SV=1
FALSE,VRYDKELLSK;    |;   LKYLQADSK,213.81,DSSO,Intra,6,1,VRYD[K]ELLSK,1xDSSO [K5],P03725,685,L[K]YLQADSK,1xDSSO [K2],P03725,448,GP15_BPT7 Internal virion protein gp15 OS=Escherichia phage T7 OX=10760 GN=15 PE=1 SV=1,GP15_BPT7 Internal virion protein gp15 OS=Escherichia phage T7 OX=10760 GN=15 PE=1 SV=1
FALSE,QGMLGDVISATLTGKTTR;              |;        SKPVSAKELK,212.59,DSSO,Intra,6,1,QGMLGDVISATLTG[K]TTR,1xOxidation [M3]; 1xDSSO [K15],P03726,1016,SKPVSA[K]ELK,1xDSSO [K7],P03726,926,EXLYS_BPT7 Peptidoglycan transglycosylase gp16 OS=Escherichia phage T7 OX=10760 GN=16 PE=1 SV=1,EXLYS_BPT7 Peptidoglycan transglycosylase gp16 OS=Escherichia phage T7 OX=10760 GN=16 PE=1 SV=1
FALSE,LQEGAKVYAEQFGIDPEDVDYQR;        |;AGADMYTAKEQR,212.22,DSSO,Intra,2,1,LQEGA[K]VYAEQFGIDPEDVDYQR,1xDSSO [K6],P03725,148,AGADMYTA[K]EQR,1xOxidation [M5]; 1xDSSO [K9],P03725,59,GP15_BPT7 Internal virion protein gp15 OS=Escherichia phage T7 OX=10760 GN=15 PE=1 SV=1,GP15_BPT7 Internal virion protein gp15 OS=Escherichia phage T7 OX=10760 GN=15 PE=1 SV=1
FALSE,ERDPNKPYTSR;     |;STILPKDTVK,211.03,DSSO,Intra,3,1,ERDPN[K]PYTSR,1xDSSO [K6],P03726,1230,STILP[K]DTVK,1xDSSO [K6],P03726,1220,EXLYS_BPT7 Peptidoglycan transglycosylase gp16 OS=Escherichia phage T7 OX=10760 GN=16 PE=1 SV=1,EXLYS_BPT7 Peptidoglycan transglycosylase gp16 OS=Escherichia phage T7 OX=10760 GN=16 PE=1 SV=1
FALSE,FAKAGADMYTAK;  |;TPKMDTNQIR,210.23,DSSO,Inter,2,2,FA[K]AGADMYTAK,1xOxidation [M8]; 1xDSSO [K3],P03725,50,TP[K]MDTNQIR,1xOxidation [M4]; 1xDSSO [K3],P03801,11,GP15_BPT7 Internal virion protein gp15 OS=Escherichia phage T7 OX=10760 GN=15 PE=1 SV=1,GP67_BPT7 Protein 6.7 OS=Escherichia phage T7 OX=10760 GN=6.7 PE=4 SV=1
FALSE,FEDDKAFESALNASKAPEIAR;              |;             SKEQR,208.87,DSSO,Intra,3,1,FEDDKAFESALNAS[K]APEIAR,1xDSSO [K15],P03725,561,S[K]EQR,1xDSSO [K2],P03725,543,GP15_BPT7 Internal virion protein gp15 OS=Escherichia phage T7 OX=10760 GN=15 PE=1 SV=1,GP15_BPT7 Internal virion protein gp15 OS=Escherichia phage T7 OX=10760 GN=15 PE=1 SV=1
FALSE,LDVIDKQFQK;     |;  QTPKFIYGR,207.64,DSSO,Intra,2,1,LDVID[K]QFQK,1xDSSO [K6],P03725,389,QTP[K]FIYGR,1xDSSO [K4],P03725,740,GP15_BPT7 Internal virion protein gp15 OS=Escherichia phage T7 OX=10760 GN=15 PE=1 SV=1,GP15_BPT7 Internal virion protein gp15 OS=Escherichia phage T7 OX=10760 GN=15 PE=1 SV=1
FALSE,DTVKERDPNKPYTSR;   |;ATAKALGLR,205.61,DSSO,Intra,2,1,DTV[K]ERDPNKPYTSR,1xDSSO [K4],P03726,1224,ATA[K]ALGLR,1xDSSO [K4],P03726,62,EXLYS_BPT7 Peptidoglycan transglycosylase gp16 OS=Escherichia phage T7 OX=10760 GN=16 PE=1 SV=1,EXLYS_BPT7 Peptidoglycan transglycosylase gp16 OS=Escherichia phage T7 OX=10760 GN=16 PE=1 SV=1
FALSE,APIVAATKAR;       |; SAFGGKK,204.83,DSSO,Inter,1,2,APIVAAT[K]AR,1xDSSO [K8],P03725,722,SAFGGK[K],1xDSSO [K7],P03801,88,GP15_BPT7 Internal virion protein gp15 OS=Escherichia phage T7 OX=10760 GN=15 PE=1 SV=1,GP67_BPT7 Protein 6.7 OS=Escherichia phage T7 OX=10760 GN=6.7 PE=4 SV=1
FALSE,LADKVADEAMLRPHK;         |;SMNKLDVIDKQFQK,204.49,DSSO,Inter,1,2,LAD[K]VADEAMLRPHK,1xOxidation [M10]; 1xDSSO [K4],P03726,1078,SMNKLDVID[K]QFQK,1xOxidation [M2]; 1xDSSO [K10],P03725,389,EXLYS_BPT7 Peptidoglycan transglycosylase gp16 OS=Escherichia phage T7 OX=10760 GN=16 PE=1 SV=1,GP15_BPT7 Internal virion protein gp15 OS=Escherichia phage T7 OX=10760 GN=15 PE=1 SV=1
FALSE,LDVIDKQFQK;     |;  STTKAPIVAAK,203.97,DSSO,Inter,1,2,LDVID[K]QFQK,1xDSSO [K6],P03725,389,STT[K]APIVAAK,1xDSSO [K4],P03724,183,GP15_BPT7 Internal virion protein gp15 OS=Escherichia phage T7 OX=10760 GN=15 PE=1 SV=1,GP14_BPT7 Internal virion protein gp14 OS=Escherichia phage T7 OX=10760 GN=14 PE=1 SV=1
FALSE,LQEGAKVYAEQFGIDPEDVDYQR;     |;  STTKAPIVAAK,201.61,DSSO,Inter,3,2,LQEGA[K]VYAEQFGIDPEDVDYQR,1xDSSO [K6],P03725,148,STT[K]APIVAAK,1xDSSO [K4],P03724,183,GP15_BPT7 Internal virion protein gp15 OS=Escherichia phage T7 OX=10760 GN=15 PE=1 SV=1,GP14_BPT7 Internal virion protein gp14 OS=Escherichia phage T7 OX=10760 GN=14 PE=1 SV=1
FALSE,FQIHSNGLGFKNIADSR;          |;       AANKAR,201.52,DSSO,Inter,3,2,FQIHSNGLGF[K]NIADSR,1xDSSO [K11],P03748,536,AAN[K]AR,1xDSSO [K4],P19727,384,FIBER_BPT7 Tail fiber protein OS=Escherichia phage T7 OX=10760 GN=17 PE=1 SV=1,CAPSB_BPT7 Minor capsid protein OS=Escherichia phage T7 OX=10760 GN=10 PE=1 SV=1
FALSE,SMNKLDVIDKQFQK;         |;       GLKVER,200.84,DSSO,Inter,1,2,SMNKLDVID[K]QFQK,1xOxidation [M2]; 1xDSSO [K10],P03725,389,GL[K]VER,1xDSSO [K3],P03801,55,GP15_BPT7 Internal virion protein gp15 OS=Escherichia phage T7 OX=10760 GN=15 PE=1 SV=1,GP67_BPT7 Protein 6.7 OS=Escherichia phage T7 OX=10760 GN=6.7 PE=4 SV=1
FALSE,SPMAGQLETFGGITPKGK;               |;           ELLSKVWSENQK,199.21,DSSO,Inter,1,2,SPMAGQLETFGGITP[K]GK,1xOxidation [M3]; 1xDSSO [K16],P03726,163,ELLS[K]VWSENQK,1xDSSO [K5],P03725,690,EXLYS_BPT7 Peptidoglycan transglycosylase gp16 OS=Escherichia phage T7 OX=10760 GN=16 PE=1 SV=1,GP15_BPT7 Internal virion protein gp15 OS=Escherichia phage T7 OX=10760 GN=15 PE=1 SV=1
FALSE,LAGFTEIGLKTLGSDDADIRR;         |;    STILPKDTVK,198.3,DSSO,Intra,4,1,LAGFTEIGL[K]TLGSDDADIRR,1xDSSO [K10],P03726,520,STILP[K]DTVK,1xDSSO [K6],P03726,1220,EXLYS_BPT7 Peptidoglycan transglycosylase gp16 OS=Escherichia phage T7 OX=10760 GN=16 PE=1 SV=1,EXLYS_BPT7 Peptidoglycan transglycosylase gp16 OS=Escherichia phage T7 OX=10760 GN=16 PE=1 SV=1
FALSE,LDVIDKQFQK;     |;    SKASGNGSAR,197.06,DSSO,Inter,1,2,LDVID[K]QFQK,1xDSSO [K6],P03725,389,S[K]ASGNGSAR,1xDSSO [K2],P03801,66,GP15_BPT7 Internal virion protein gp15 OS=Escherichia phage T7 OX=10760 GN=15 PE=1 SV=1,GP67_BPT7 Protein 6.7 OS=Escherichia phage T7 OX=10760 GN=6.7 PE=4 SV=1
FALSE,LKNDRAPYETR;      |;SAVGTVKLR,194.66,DSSO,Inter,3,3,L[K]NDRAPYETR,1xDSSO [K2],P03728,21,SAVGTV[K]LR,1xDSSO [K7],P19727,302,PORTL_BPT7 Portal protein OS=Escherichia phage T7 OX=10760 GN=8 PE=1 SV=1,CAPSB_BPT7 Minor capsid protein OS=Escherichia phage T7 OX=10760 GN=10 PE=1 SV=1;CAPSA_BPT7 Major capsid protein OS=Escherichia phage T7 OX=10760 GN=10 PE=1 SV=1
FALSE,SQFETDAKLNEQYR;       |;  DDSVAKSK,194.55,DSSO,Inter,1,2,SQFETDA[K]LNEQYR,1xDSSO [K8],P03725,304,DDSVA[K]SK,1xDSSO [K6],P03801,64,GP15_BPT7 Internal virion protein gp15 OS=Escherichia phage T7 OX=10760 GN=15 PE=1 SV=1,GP67_BPT7 Protein 6.7 OS=Escherichia phage T7 OX=10760 GN=6.7 PE=4 SV=1
FALSE,AELDKVQPDEQMTPQR;    |;   IKEGVFR,194.01,DSSO,Intra,6,1,AELD[K]VQPDEQMTPQR,1xOxidation [M12]; 1xDSSO [K5],P03725,338,I[K]EGVFR,1xDSSO [K2],P03725,125,GP15_BPT7 Internal virion protein gp15 OS=Escherichia phage T7 OX=10760 GN=15 PE=1 SV=1,GP15_BPT7 Internal virion protein gp15 OS=Escherichia phage T7 OX=10760 GN=15 PE=1 SV=1
FALSE,TEVKNPAYINVVTGGSPENLDDLIK;      |;AMSDAMKDPEFSTGGAK,193.88,DSSO,Intra,2,1,TEV[K]NPAYINVVTGGSPENLDDLIK,1xDSSO [K4],P03726,286,AMSDAM[K]DPEFSTGGAK,2xOxidation [M2; M6]; 1xDSSO [K7],P03726,582,EXLYS_BPT7 Peptidoglycan transglycosylase gp16 OS=Escherichia phage T7 OX=10760 GN=16 PE=1 SV=1,EXLYS_BPT7 Peptidoglycan transglycosylase gp16 OS=Escherichia phage T7 OX=10760 GN=16 PE=1 SV=1
FALSE,TQAAYLAPGENLDDKR;              |;        SAVGTVKLR,193.64,DSSO,Intra,3,2,TQAAYLAPGENLDD[K]R,1xDSSO [K15],P19727,83,SAVGTV[K]LR,1xDSSO [K7],P19727,302,CAPSB_BPT7 Minor capsid protein OS=Escherichia phage T7 OX=10760 GN=10 PE=1 SV=1;CAPSA_BPT7 Major capsid protein OS=Escherichia phage T7 OX=10760 GN=10 PE=1 SV=1,CAPSB_BPT7 Minor capsid protein OS=Escherichia phage T7 OX=10760 GN=10 PE=1 SV=1;CAPSA_BPT7 Major capsid protein OS=Escherichia phage T7 OX=10760 GN=10 PE=1 SV=1
FALSE,GKGIPAEVGLAGIGHK;   |;QFQKR,193.59,DSSO,Inter,2,2,G[K]GIPAEVGLAGIGHK,1xDSSO [K2],P03726,165,QFQ[K]R,1xDSSO [K4],P03725,393,EXLYS_BPT7 Peptidoglycan transglycosylase gp16 OS=Escherichia phage T7 OX=10760 GN=16 PE=1 SV=1,GP15_BPT7 Internal virion protein gp15 OS=Escherichia phage T7 OX=10760 GN=15 PE=1 SV=1
FALSE,SMNKLDVIDKQFQK;         |;   APIVAAKGTK,191.85,DSSO,Inter,2,2,SMNKLDVID[K]QFQK,1xOxidation [M2]; 1xDSSO [K10],P03725,389,APIVAA[K]GTK,1xDSSO [K7],P03724,190,GP15_BPT7 Internal virion protein gp15 OS=Escherichia phage T7 OX=10760 GN=15 PE=1 SV=1,GP14_BPT7 Internal virion protein gp14 OS=Escherichia phage T7 OX=10760 GN=14 PE=1 SV=1
FALSE,DTLYKSKPVSAK;    |;   RKEYLER,190.66,DSSO,Intra,3,1,DTLY[K]SKPVSAK,1xDSSO [K5],P03726,919,R[K]EYLER,1xDSSO [K2],P03726,1168,EXLYS_BPT7 Peptidoglycan transglycosylase gp16 OS=Escherichia phage T7 OX=10760 GN=16 PE=1 SV=1,EXLYS_BPT7 Peptidoglycan transglycosylase gp16 OS=Escherichia phage T7 OX=10760 GN=16 PE=1 SV=1
FALSE,KIYDSVK; |;SKEQR,189.88,DSSO,Intra,2,1,[K]IYDSVK,1xDSSO [K1],P03725,578,S[K]EQR,1xDSSO [K2],P03725,543,GP15_BPT7 Internal virion protein gp15 OS=Escherichia phage T7 OX=10760 GN=15 PE=1 SV=1,GP15_BPT7 Internal virion protein gp15 OS=Escherichia phage T7 OX=10760 GN=15 PE=1 SV=1
FALSE,SISSGKSAQFPVLGR;       |;GVVAAGDKLALFLK,189.61,DSSO,Intra,2,2,SISSG[K]SAQFPVLGR,1xDSSO [K6],P19727,59,GVVAAGD[K]LALFLK,1xDSSO [K8],P19727,24,CAPSB_BPT7 Minor capsid protein OS=Escherichia phage T7 OX=10760 GN=10 PE=1 SV=1;CAPSA_BPT7 Major capsid protein OS=Escherichia phage T7 OX=10760 GN=10 PE=1 SV=1,CAPSB_BPT7 Minor capsid protein OS=Escherichia phage T7 OX=10760 GN=10 PE=1 SV=1;CAPSA_BPT7 Major capsid protein OS=Escherichia phage T7 OX=10760 GN=10 PE=1 SV=1
FALSE,KIYDSVK;   |;LTVKR,188.69,DSSO,Intra,2,1,[K]IYDSVK,1xDSSO [K1],P03725,578,LTV[K]R,1xDSSO [K4],P03725,540,GP15_BPT7 Internal virion protein gp15 OS=Escherichia phage T7 OX=10760 GN=15 PE=1 SV=1,GP15_BPT7 Internal virion protein gp15 OS=Escherichia phage T7 OX=10760 GN=15 PE=1 SV=1
FALSE,DTVKERDPNKPYTSR;     |;AEGDGKK,187.49,DSSO,Intra,1,1,DTV[K]ERDPNKPYTSR,1xDSSO [K4],P03726,1224,AEGDG[K]K,1xDSSO [K6],P03726,840,EXLYS_BPT7 Peptidoglycan transglycosylase gp16 OS=Escherichia phage T7 OX=10760 GN=16 PE=1 SV=1,EXLYS_BPT7 Peptidoglycan transglycosylase gp16 OS=Escherichia phage T7 OX=10760 GN=16 PE=1 SV=1
FALSE,APIVAATKAR;       |; ALADVNKR,186.91,DSSO,Intra,3,1,APIVAAT[K]AR,1xDSSO [K8],P03725,722,ALADVN[K]R,1xDSSO [K7],P03725,713,GP15_BPT7 Internal virion protein gp15 OS=Escherichia phage T7 OX=10760 GN=15 PE=1 SV=1,GP15_BPT7 Internal virion protein gp15 OS=Escherichia phage T7 OX=10760 GN=15 PE=1 SV=1
FALSE,KGLKVERDDSVAK;       |;APIVAATKAR,186.02,DSSO,Inter,4,2,KGL[K]VERDDSVAK,1xDSSO [K4],P03801,55,APIVAAT[K]AR,1xDSSO [K8],P03725,722,GP67_BPT7 Protein 6.7 OS=Escherichia phage T7 OX=10760 GN=6.7 PE=4 SV=1,GP15_BPT7 Internal virion protein gp15 OS=Escherichia phage T7 OX=10760 GN=15 PE=1 SV=1
FALSE,APIVAATKAR;       |;  SAFGGKK,185.75,DSSO,Inter,1,2,APIVAAT[K]AR,1xDSSO [K8],P03725,722,SAFGG[K]K,1xDSSO [K6],P03801,87,GP15_BPT7 Internal virion protein gp15 OS=Escherichia phage T7 OX=10760 GN=15 PE=1 SV=1,GP67_BPT7 Protein 6.7 OS=Escherichia phage T7 OX=10760 GN=6.7 PE=4 SV=1
FALSE,LKINSALNQEDPR; |;SKASGNGSAR,185.37,DSSO,Inter,2,2,L[K]INSALNQEDPR,1xDSSO [K2],P03725,312,S[K]ASGNGSAR,1xDSSO [K2],P03801,66,GP15_BPT7 Internal virion protein gp15 OS=Escherichia phage T7 OX=10760 GN=15 PE=1 SV=1,GP67_BPT7 Protein 6.7 OS=Escherichia phage T7 OX=10760 GN=6.7 PE=4 SV=1
FALSE,FEDDKAFESALNASK;    |; LTVKR,184.76,DSSO,Intra,3,1,FEDD[K]AFESALNASK,1xDSSO [K5],P03725,551,LTV[K]R,1xDSSO [K4],P03725,540,GP15_BPT7 Internal virion protein gp15 OS=Escherichia phage T7 OX=10760 GN=15 PE=1 SV=1,GP15_BPT7 Internal virion protein gp15 OS=Escherichia phage T7 OX=10760 GN=15 PE=1 SV=1
FALSE,DDSVAKSK;     |;    MKSSIR,183.47,DSSO,Intra,2,1,DDSVA[K]SK,1xDSSO [K6],P03801,64,M[K]SSIR,1xOxidation [M1]; 1xDSSO [K2],P03801,76,GP67_BPT7 Protein 6.7 OS=Escherichia phage T7 OX=10760 GN=6.7 PE=4 SV=1,GP67_BPT7 Protein 6.7 OS=Escherichia phage T7 OX=10760 GN=6.7 PE=4 SV=1
FALSE,SMNKLDVIDKQFQK;         |;HSDMVNYANKK,181.14,DSSO,Intra,1,1,SMN[K]LDVIDKQFQK,1xOxidation [M2]; 1xDSSO [K4],P03725,383,HSDMVNYAN[K]K,1xOxidation [M4]; 1xDSSO [K10],P03725,427,GP15_BPT7 Internal virion protein gp15 OS=Escherichia phage T7 OX=10760 GN=15 PE=1 SV=1,GP15_BPT7 Internal virion protein gp15 OS=Escherichia phage T7 OX=10760 GN=15 PE=1 SV=1
FALSE,TPKMDTNQIR;     |;GQDLDKLER,180.35,DSSO,Inter,3,2,TP[K]MDTNQIR,1xOxidation [M4]; 1xDSSO [K3],P03801,11,GQDLD[K]LER,1xDSSO [K6],P03728,441,GP67_BPT7 Protein 6.7 OS=Escherichia phage T7 OX=10760 GN=6.7 PE=4 SV=1,PORTL_BPT7 Portal protein OS=Escherichia phage T7 OX=10760 GN=8 PE=1 SV=1
FALSE,EKALADVNKR; |; KSAFGGK,180.09,DSSO,Inter,3,2,E[K]ALADVNKR,1xDSSO [K2],P03725,706,[K]SAFGGK,1xDSSO [K1],P03801,81,GP15_BPT7 Internal virion protein gp15 OS=Escherichia phage T7 OX=10760 GN=15 PE=1 SV=1,GP67_BPT7 Protein 6.7 OS=Escherichia phage T7 OX=10760 GN=6.7 PE=4 SV=1
FALSE,AGADMYTAKEQR;        |;  APIVAAKGTK,178.82,DSSO,Inter,1,2,AGADMYTA[K]EQR,1xOxidation [M5]; 1xDSSO [K9],P03725,59,APIVAA[K]GTK,1xDSSO [K7],P03724,190,GP15_BPT7 Internal virion protein gp15 OS=Escherichia phage T7 OX=10760 GN=15 PE=1 SV=1,GP14_BPT7 Internal virion protein gp14 OS=Escherichia phage T7 OX=10760 GN=14 PE=1 SV=1
FALSE,TLKEFSEVDPEKAAR;           |;          DKQAFSMDPR,178.14,DSSO,Intra,6,1,TLKEFSEVDPE[K]AAR,1xDSSO [K12],P03726,504,D[K]QAFSMDPR,1xOxidation [M7]; 1xDSSO [K2],P03726,1060,EXLYS_BPT7 Peptidoglycan transglycosylase gp16 OS=Escherichia phage T7 OX=10760 GN=16 PE=1 SV=1,EXLYS_BPT7 Peptidoglycan transglycosylase gp16 OS=Escherichia phage T7 OX=10760 GN=16 PE=1 SV=1
FALSE,DDSVAKSK;     |;SAFGGKK,177.94,DSSO,Intra,1,1,DDSVA[K]SK,1xDSSO [K6],P03801,64,SAFGG[K]K,1xDSSO [K6],P03801,87,GP67_BPT7 Protein 6.7 OS=Escherichia phage T7 OX=10760 GN=6.7 PE=4 SV=1,GP67_BPT7 Protein 6.7 OS=Escherichia phage T7 OX=10760 GN=6.7 PE=4 SV=1
FALSE,KVTLNGATTTYR;        |;RAPIVAATKAR,177.37,DSSO,Intra,3,1,[K]VTLNGATTTYR,1xDSSO [K1],P03725,268,RAPIVAAT[K]AR,1xDSSO [K9],P03725,722,GP15_BPT7 Internal virion protein gp15 OS=Escherichia phage T7 OX=10760 GN=15 PE=1 SV=1,GP15_BPT7 Internal virion protein gp15 OS=Escherichia phage T7 OX=10760 GN=15 PE=1 SV=1
FALSE,VVKEGARPVK;      |;SAVGTVKLR,176.78,DSSO,Inter,2,3,VV[K]EGARPVK,1xDSSO [K3],P03751,21,SAVGTV[K]LR,1xDSSO [K7],P19727,302,GP73_BPT7 Protein 7.3 OS=Escherichia phage T7 OX=10760 GN=7.3 PE=1 SV=1,CAPSB_BPT7 Minor capsid protein OS=Escherichia phage T7 OX=10760 GN=10 PE=1 SV=1;CAPSA_BPT7 Major capsid protein OS=Escherichia phage T7 OX=10760 GN=10 PE=1 SV=1
FALSE,AGADMYTAKEQR;        |;       VKTGR,176.45,DSSO,Intra,1,1,AGADMYTA[K]EQR,1xOxidation [M5]; 1xDSSO [K9],P03725,59,V[K]TGR,1xDSSO [K2],P03725,107,GP15_BPT7 Internal virion protein gp15 OS=Escherichia phage T7 OX=10760 GN=15 PE=1 SV=1,GP15_BPT7 Internal virion protein gp15 OS=Escherichia phage T7 OX=10760 GN=15 PE=1 SV=1
FALSE,APIVAATKAR;       |;   KLEEKAR,176,DSSO,Intra,2,1,APIVAAT[K]AR,1xDSSO [K8],P03725,722,KLEE[K]AR,1xDSSO [K5],P03725,702,GP15_BPT7 Internal virion protein gp15 OS=Escherichia phage T7 OX=10760 GN=15 PE=1 SV=1,GP15_BPT7 Internal virion protein gp15 OS=Escherichia phage T7 OX=10760 GN=15 PE=1 SV=1
FALSE,SKASGNGSAR; |;IKEGVFR,175.66,DSSO,Inter,2,2,S[K]ASGNGSAR,1xDSSO [K2],P03801,66,I[K]EGVFR,1xDSSO [K2],P03725,125,GP67_BPT7 Protein 6.7 OS=Escherichia phage T7 OX=10760 GN=6.7 PE=4 SV=1,GP15_BPT7 Internal virion protein gp15 OS=Escherichia phage T7 OX=10760 GN=15 PE=1 SV=1
FALSE,YEEVEGMEVQGSDGTYPKEACPYIPIR;                 |;         AGADMYTAKEQR,175.25,DSSO,Inter,1,2,YEEVEGMEVQGSDGTYP[K]EACPYIPIR,1xCarbamidomethyl [C21]; 1xOxidation [M7]; 1xDSSO [K18],P03728,246,AGADMYTA[K]EQR,1xOxidation [M5]; 1xDSSO [K9],P03725,59,PORTL_BPT7 Portal protein OS=Escherichia phage T7 OX=10760 GN=8 PE=1 SV=1,GP15_BPT7 Internal virion protein gp15 OS=Escherichia phage T7 OX=10760 GN=15 PE=1 SV=1
FALSE,SLIKEHMVR;   |;   MDKYDK,175.24,DSSO,Intra,3,1,SLI[K]EHMVR,1xDSSO [K4]; 1xOxidation [M7],P03726,1044,[M]DKYDK,1xOxidation [M1]; 1xDSSO [M1],P03726,1,EXLYS_BPT7 Peptidoglycan transglycosylase gp16 OS=Escherichia phage T7 OX=10760 GN=16 PE=1 SV=1,EXLYS_BPT7 Peptidoglycan transglycosylase gp16 OS=Escherichia phage T7 OX=10760 GN=16 PE=1 SV=1
FALSE,KGLKVER;   |;  MKSSIR,174.29,DSSO,Intra,1,1,KGL[K]VER,1xDSSO [K4],P03801,55,M[K]SSIR,1xOxidation [M1]; 1xDSSO [K2],P03801,76,GP67_BPT7 Protein 6.7 OS=Escherichia phage T7 OX=10760 GN=6.7 PE=4 SV=1,GP67_BPT7 Protein 6.7 OS=Escherichia phage T7 OX=10760 GN=6.7 PE=4 SV=1
FALSE,AALAIERPELQKALTPSER;           |;     IVMDIIKR,173.87,DSSO,Intra,21,1,AALAIERPELQ[K]ALTPSER,1xDSSO [K12],P03726,617,IVMDII[K]R,1xOxidation [M3]; 1xDSSO [K7],P03726,631,EXLYS_BPT7 Peptidoglycan transglycosylase gp16 OS=Escherichia phage T7 OX=10760 GN=16 PE=1 SV=1,EXLYS_BPT7 Peptidoglycan transglycosylase gp16 OS=Escherichia phage T7 OX=10760 GN=16 PE=1 SV=1
FALSE,NISLYGAHDNFLSQQAQKGAIMNSR;                 |;                IKEGVFR,173.74,DSSO,Intra,1,1,NISLYGAHDNFLSQQAQ[K]GAIMNSR,1xOxidation [M22]; 1xDSSO [K18],P03725,192,I[K]EGVFR,1xDSSO [K2],P03725,125,GP15_BPT7 Internal virion protein gp15 OS=Escherichia phage T7 OX=10760 GN=15 PE=1 SV=1,GP15_BPT7 Internal virion protein gp15 OS=Escherichia phage T7 OX=10760 GN=15 PE=1 SV=1
FALSE,AALTKNYVPAADR;       |;EIIAALTKAR,172.98,DSSO,Intra,2,2,AALT[K]NYVPAADR,1xDSSO [K5],P19727,197,EIIAALT[K]AR,1xDSSO [K8],P19727,190,CAPSB_BPT7 Minor capsid protein OS=Escherichia phage T7 OX=10760 GN=10 PE=1 SV=1;CAPSA_BPT7 Major capsid protein OS=Escherichia phage T7 OX=10760 GN=10 PE=1 SV=1,CAPSB_BPT7 Minor capsid protein OS=Escherichia phage T7 OX=10760 GN=10 PE=1 SV=1;CAPSA_BPT7 Major capsid protein OS=Escherichia phage T7 OX=10760 GN=10 PE=1 SV=1
FALSE,AYALPKEKR;     |;    RKEYLER,171.38,DSSO,Intra,3,1,AYALP[K]EKR,1xDSSO [K6],P03726,1164,R[K]EYLER,1xDSSO [K2],P03726,1168,EXLYS_BPT7 Peptidoglycan transglycosylase gp16 OS=Escherichia phage T7 OX=10760 GN=16 PE=1 SV=1,EXLYS_BPT7 Peptidoglycan transglycosylase gp16 OS=Escherichia phage T7 OX=10760 GN=16 PE=1 SV=1
FALSE,SMNKLDVIDKQFQK;         |;       GTKTGR,171.26,DSSO,Inter,2,2,SMNKLDVID[K]QFQK,1xOxidation [M2]; 1xDSSO [K10],P03725,389,GT[K]TGR,1xDSSO [K3],P03724,193,GP15_BPT7 Internal virion protein gp15 OS=Escherichia phage T7 OX=10760 GN=15 PE=1 SV=1,GP14_BPT7 Internal virion protein gp14 OS=Escherichia phage T7 OX=10760 GN=14 PE=1 SV=1
FALSE,NMMQVNSDPKSWEQGR;         |;       TPKMDTNQIR,170.95,DSSO,Inter,2,2,NMMQVNSDP[K]SWEQGR,2xOxidation [M2; M3]; 1xDSSO [K10],P03725,633,TP[K]MDTNQIR,1xOxidation [M4]; 1xDSSO [K3],P03801,11,GP15_BPT7 Internal virion protein gp15 OS=Escherichia phage T7 OX=10760 GN=15 PE=1 SV=1,GP67_BPT7 Protein 6.7 OS=Escherichia phage T7 OX=10760 GN=6.7 PE=4 SV=1
FALSE,ERDPNKPYTSR;     |;  ATAKALGLR,170.17,DSSO,Intra,3,1,ERDPN[K]PYTSR,1xDSSO [K6],P03726,1230,ATA[K]ALGLR,1xDSSO [K4],P03726,62,EXLYS_BPT7 Peptidoglycan transglycosylase gp16 OS=Escherichia phage T7 OX=10760 GN=16 PE=1 SV=1,EXLYS_BPT7 Peptidoglycan transglycosylase gp16 OS=Escherichia phage T7 OX=10760 GN=16 PE=1 SV=1
FALSE,SAVGTVKLR;      |;     MKSSIR,169.44,DSSO,Inter,2,3,SAVGTV[K]LR,1xDSSO [K7],P19727,302,M[K]SSIR,1xOxidation [M1]; 1xDSSO [K2],P03801,76,CAPSB_BPT7 Minor capsid protein OS=Escherichia phage T7 OX=10760 GN=10 PE=1 SV=1;CAPSA_BPT7 Major capsid protein OS=Escherichia phage T7 OX=10760 GN=10 PE=1 SV=1,GP67_BPT7 Protein 6.7 OS=Escherichia phage T7 OX=10760 GN=6.7 PE=4 SV=1
FALSE,AVEGQGGEKK;        |;  SAVGTVKLR,169.21,DSSO,Inter,2,3,AVEGQGGE[K]K,1xDSSO [K9],P03728,205,SAVGTV[K]LR,1xDSSO [K7],P19727,302,PORTL_BPT7 Portal protein OS=Escherichia phage T7 OX=10760 GN=8 PE=1 SV=1,CAPSB_BPT7 Minor capsid protein OS=Escherichia phage T7 OX=10760 GN=10 PE=1 SV=1;CAPSA_BPT7 Major capsid protein OS=Escherichia phage T7 OX=10760 GN=10 PE=1 SV=1
FALSE,KTGEVHALMDTVK; |;AKAEGDGK,168.58,DSSO,Intra,1,1,[K]TGEVHALMDTVK,1xOxidation [M9]; 1xDSSO [K1],P03726,841,A[K]AEGDGK,1xDSSO [K2],P03726,834,EXLYS_BPT7 Peptidoglycan transglycosylase gp16 OS=Escherichia phage T7 OX=10760 GN=16 PE=1 SV=1,EXLYS_BPT7 Peptidoglycan transglycosylase gp16 OS=Escherichia phage T7 OX=10760 GN=16 PE=1 SV=1
FALSE,APIVAATKAR;       |;       KGLKVER,168.54,DSSO,Inter,1,2,APIVAAT[K]AR,1xDSSO [K8],P03725,722,[K]GLKVER,1xDSSO [K1],P03801,52,GP15_BPT7 Internal virion protein gp15 OS=Escherichia phage T7 OX=10760 GN=15 PE=1 SV=1,GP67_BPT7 Protein 6.7 OS=Escherichia phage T7 OX=10760 GN=6.7 PE=4 SV=1
FALSE,LTISEYEAKQLLSDPDGLAK;        |;      FAKAGADMYTAK,167.76,DSSO,Inter,2,2,LTISEYEA[K]QLLSDPDGLAK,1xDSSO [K9],P03728,94,FA[K]AGADMYTAK,1xOxidation [M8]; 1xDSSO [K3],P03725,50,PORTL_BPT7 Portal protein OS=Escherichia phage T7 OX=10760 GN=8 PE=1 SV=1,GP15_BPT7 Internal virion protein gp15 OS=Escherichia phage T7 OX=10760 GN=15 PE=1 SV=1
FALSE,KLEEKAR;    |;    KSAFGGK,167.64,DSSO,Inter,1,2,KLEE[K]AR,1xDSSO [K5],P03725,702,[K]SAFGGK,1xDSSO [K1],P03801,81,GP15_BPT7 Internal virion protein gp15 OS=Escherichia phage T7 OX=10760 GN=15 PE=1 SV=1,GP67_BPT7 Protein 6.7 OS=Escherichia phage T7 OX=10760 GN=6.7 PE=4 SV=1
FALSE,VERDDSVAKSK;        |;        KSAFGGKK,166.68,DSSO,Intra,3,1,VERDDSVA[K]SK,1xDSSO [K9],P03801,64,[K]SAFGGKK,1xDSSO [K1],P03801,81,GP67_BPT7 Protein 6.7 OS=Escherichia phage T7 OX=10760 GN=6.7 PE=4 SV=1,GP67_BPT7 Protein 6.7 OS=Escherichia phage T7 OX=10760 GN=6.7 PE=4 SV=1
FALSE,DMPVNENTGEFKHSDMVNYANKK;           |;        AQAKALDDSMK,166.35,DSSO,Intra,3,1,DMPVNENTGEF[K]HSDMVNYANKK,2xOxidation [M2; M16]; 1xDSSO [K12],P03725,417,AQA[K]ALDDSMK,1xOxidation [M10]; 1xDSSO [K4],P03725,372,GP15_BPT7 Internal virion protein gp15 OS=Escherichia phage T7 OX=10760 GN=15 PE=1 SV=1,GP15_BPT7 Internal virion protein gp15 OS=Escherichia phage T7 OX=10760 GN=15 PE=1 SV=1
FALSE,AALTKNYVPAADR;    |; AANKAR,166.08,DSSO,Intra,2,2,AALT[K]NYVPAADR,1xDSSO [K5],P19727,197,AAN[K]AR,1xDSSO [K4],P19727,384,CAPSB_BPT7 Minor capsid protein OS=Escherichia phage T7 OX=10760 GN=10 PE=1 SV=1;CAPSA_BPT7 Major capsid protein OS=Escherichia phage T7 OX=10760 GN=10 PE=1 SV=1,CAPSB_BPT7 Minor capsid protein OS=Escherichia phage T7 OX=10760 GN=10 PE=1 SV=1
FALSE,MKSSIRK; |; KSAFGGKK,165.48,DSSO,Intra,2,1,M[K]SSIRK,1xDSSO [K2]; 1xOxidation [M1],P03801,76,[K]SAFGGKK,1xDSSO [K1],P03801,81,GP67_BPT7 Protein 6.7 OS=Escherichia phage T7 OX=10760 GN=6.7 PE=4 SV=1,GP67_BPT7 Protein 6.7 OS=Escherichia phage T7 OX=10760 GN=6.7 PE=4 SV=1
FALSE,AGADMYTAKEQR;        |;       SKASGNGSAR,165.39,DSSO,Inter,2,2,AGADMYTA[K]EQR,1xOxidation [M5]; 1xDSSO [K9],P03725,59,S[K]ASGNGSAR,1xDSSO [K2],P03801,66,GP15_BPT7 Internal virion protein gp15 OS=Escherichia phage T7 OX=10760 GN=15 PE=1 SV=1,GP67_BPT7 Protein 6.7 OS=Escherichia phage T7 OX=10760 GN=6.7 PE=4 SV=1
FALSE,FEDDKAFESALNASKAPEIAR;              |;          SLNSKFLR,165.39,DSSO,Inter,2,2,FEDDKAFESALNAS[K]APEIAR,1xDSSO [K15],P03725,561,SLNS[K]FLR,1xDSSO [K5],P03726,1119,GP15_BPT7 Internal virion protein gp15 OS=Escherichia phage T7 OX=10760 GN=15 PE=1 SV=1,EXLYS_BPT7 Peptidoglycan transglycosylase gp16 OS=Escherichia phage T7 OX=10760 GN=16 PE=1 SV=1
FALSE,APIVAATKAR;       |;    VREKR,165.26,DSSO,Intra,2,1,APIVAAT[K]AR,1xDSSO [K8],P03725,722,VRE[K]R,1xDSSO [K4],P03725,734,GP15_BPT7 Internal virion protein gp15 OS=Escherichia phage T7 OX=10760 GN=15 PE=1 SV=1,GP15_BPT7 Internal virion protein gp15 OS=Escherichia phage T7 OX=10760 GN=15 PE=1 SV=1
FALSE,DKQAFSMDPR;    |;GEDGKFTVK,164.7,DSSO,Intra,3,1,D[K]QAFSMDPR,1xOxidation [M7]; 1xDSSO [K2],P03726,1060,GEDG[K]FTVK,1xDSSO [K5],P03726,1054,EXLYS_BPT7 Peptidoglycan transglycosylase gp16 OS=Escherichia phage T7 OX=10760 GN=16 PE=1 SV=1,EXLYS_BPT7 Peptidoglycan transglycosylase gp16 OS=Escherichia phage T7 OX=10760 GN=16 PE=1 SV=1
FALSE,STTKAPIVAAK;      |;ALADVNKR,164.53,DSSO,Inter,2,2,STT[K]APIVAAK,1xDSSO [K4],P03724,183,ALADVN[K]R,1xDSSO [K7],P03725,713,GP14_BPT7 Internal virion protein gp14 OS=Escherichia phage T7 OX=10760 GN=14 PE=1 SV=1,GP15_BPT7 Internal virion protein gp15 OS=Escherichia phage T7 OX=10760 GN=15 PE=1 SV=1
FALSE,HKGTYVPHVYDR;      |;IVMDIIKR,164.39,DSSO,Intra,3,1,H[K]GTYVPHVYDR,1xDSSO [K2],P03726,662,IVMDII[K]R,1xOxidation [M3]; 1xDSSO [K7],P03726,631,EXLYS_BPT7 Peptidoglycan transglycosylase gp16 OS=Escherichia phage T7 OX=10760 GN=16 PE=1 SV=1,EXLYS_BPT7 Peptidoglycan transglycosylase gp16 OS=Escherichia phage T7 OX=10760 GN=16 PE=1 SV=1
FALSE,TGPLGMMQFTKATAK;          |;     STILPKDTVK,162.69,DSSO,Intra,1,1,TGPLGMMQFT[K]ATAK,2xOxidation [M6; M7]; 1xDSSO [K11],P03726,58,STILP[K]DTVK,1xDSSO [K6],P03726,1220,EXLYS_BPT7 Peptidoglycan transglycosylase gp16 OS=Escherichia phage T7 OX=10760 GN=16 PE=1 SV=1,EXLYS_BPT7 Peptidoglycan transglycosylase gp16 OS=Escherichia phage T7 OX=10760 GN=16 PE=1 SV=1
FALSE,LDNGFDVFKDTITPTR;        |;  TFYDGYKNNR,162.61,DSSO,Intra,3,1,LDNGFDVF[K]DTITPTR,1xDSSO [K9],P03726,260,TFYDGY[K]NNR,1xDSSO [K7],P03726,1129,EXLYS_BPT7 Peptidoglycan transglycosylase gp16 OS=Escherichia phage T7 OX=10760 GN=16 PE=1 SV=1,EXLYS_BPT7 Peptidoglycan transglycosylase gp16 OS=Escherichia phage T7 OX=10760 GN=16 PE=1 SV=1
FALSE,SKLEEASAELTSQNMQK;  |;GTKTGR,161.86,DSSO,Intra,3,1,S[K]LEEASAELTSQNMQK,1xOxidation [M15]; 1xDSSO [K2],P03724,59,GT[K]TGR,1xDSSO [K3],P03724,193,GP14_BPT7 Internal virion protein gp14 OS=Escherichia phage T7 OX=10760 GN=14 PE=1 SV=1,GP14_BPT7 Internal virion protein gp14 OS=Escherichia phage T7 OX=10760 GN=14 PE=1 SV=1
FALSE,YLQADSKDGAFR;      |;     MKSSIR,160.16,DSSO,Inter,1,2,YLQADS[K]DGAFR,1xDSSO [K7],P03725,455,M[K]SSIR,1xOxidation [M1]; 1xDSSO [K2],P03801,76,GP15_BPT7 Internal virion protein gp15 OS=Escherichia phage T7 OX=10760 GN=15 PE=1 SV=1,GP67_BPT7 Protein 6.7 OS=Escherichia phage T7 OX=10760 GN=6.7 PE=4 SV=1
FALSE,STTKAPIVAAK;   |;  SKASGNGSAR,160,DSSO,Inter,2,2,STT[K]APIVAAK,1xDSSO [K4],P03724,183,S[K]ASGNGSAR,1xDSSO [K2],P03801,66,GP14_BPT7 Internal virion protein gp14 OS=Escherichia phage T7 OX=10760 GN=14 PE=1 SV=1,GP67_BPT7 Protein 6.7 OS=Escherichia phage T7 OX=10760 GN=6.7 PE=4 SV=1
FALSE,APIVAATKAR;       |;       KSAFGGKK,159.58,DSSO,Inter,2,2,APIVAAT[K]AR,1xDSSO [K8],P03725,722,[K]SAFGGKK,1xDSSO [K1],P03801,81,GP15_BPT7 Internal virion protein gp15 OS=Escherichia phage T7 OX=10760 GN=15 PE=1 SV=1,GP67_BPT7 Protein 6.7 OS=Escherichia phage T7 OX=10760 GN=6.7 PE=4 SV=1
FALSE,YEEVEGMEVQGSDGTYPKEACPYIPIR;                 |;              VLLKQLQATQQIPELPK,157.58,DSSO,Intra,1,1,YEEVEGMEVQGSDGTYP[K]EACPYIPIR,1xCarbamidomethyl [C21]; 1xOxidation [M7]; 1xDSSO [K18],P03728,246,VLL[K]QLQATQQIPELPK,1xDSSO [K4],P03728,406,PORTL_BPT7 Portal protein OS=Escherichia phage T7 OX=10760 GN=8 PE=1 SV=1,PORTL_BPT7 Portal protein OS=Escherichia phage T7 OX=10760 GN=8 PE=1 SV=1
FALSE,ALADVNKR;      |;     MKSSIR,157.33,DSSO,Inter,1,2,ALADVN[K]R,1xDSSO [K7],P03725,713,M[K]SSIR,1xOxidation [M1]; 1xDSSO [K2],P03801,76,GP15_BPT7 Internal virion protein gp15 OS=Escherichia phage T7 OX=10760 GN=15 PE=1 SV=1,GP67_BPT7 Protein 6.7 OS=Escherichia phage T7 OX=10760 GN=6.7 PE=4 SV=1
FALSE,QGIDPQVILDADRLTVKR;                |;             LTVKR,156.96,DSSO,Intra,3,1,QGIDPQVILDADRLTV[K]R,1xDSSO [K17],P03725,540,LTV[K]R,1xDSSO [K4],P03725,540,GP15_BPT7 Internal virion protein gp15 OS=Escherichia phage T7 OX=10760 GN=15 PE=1 SV=1,GP15_BPT7 Internal virion protein gp15 OS=Escherichia phage T7 OX=10760 GN=15 PE=1 SV=1
FALSE,EKALADVNKR; |; KLEEK,156.26,DSSO,Intra,1,1,E[K]ALADVNKR,1xDSSO [K2],P03725,706,[K]LEEK,1xDSSO [K1],P03725,698,GP15_BPT7 Internal virion protein gp15 OS=Escherichia phage T7 OX=10760 GN=15 PE=1 SV=1,GP15_BPT7 Internal virion protein gp15 OS=Escherichia phage T7 OX=10760 GN=15 PE=1 SV=1
FALSE,LKYLQADSK; |;MKSSIR,155.58,DSSO,Inter,1,2,L[K]YLQADSK,1xDSSO [K2],P03725,448,M[K]SSIR,1xOxidation [M1]; 1xDSSO [K2],P03801,76,GP15_BPT7 Internal virion protein gp15 OS=Escherichia phage T7 OX=10760 GN=15 PE=1 SV=1,GP67_BPT7 Protein 6.7 OS=Escherichia phage T7 OX=10760 GN=6.7 PE=4 SV=1
FALSE,IKEGVFR; |;IKTPK,155.49,DSSO,Inter,1,3,I[K]EGVFR,1xDSSO [K2],P03725,125,I[K]TPK,1xDSSO [K2],P03801,8,GP15_BPT7 Internal virion protein gp15 OS=Escherichia phage T7 OX=10760 GN=15 PE=1 SV=1,GP67_BPT7 Protein 6.7 OS=Escherichia phage T7 OX=10760 GN=6.7 PE=4 SV=1;DPOL_BPT7 DNA-directed DNA polymerase OS=Escherichia phage T7 OX=10760 GN=5 PE=1 SV=1
FALSE,NAAYLVDDDVMQKIK;            |;          TPKMDTNQIR,155.19,DSSO,Inter,1,2,NAAYLVDDDVMQ[K]IK,1xOxidation [M11]; 1xDSSO [K13],P03725,123,TP[K]MDTNQIR,1xOxidation [M4]; 1xDSSO [K3],P03801,11,GP15_BPT7 Internal virion protein gp15 OS=Escherichia phage T7 OX=10760 GN=15 PE=1 SV=1,GP67_BPT7 Protein 6.7 OS=Escherichia phage T7 OX=10760 GN=6.7 PE=4 SV=1
FALSE,KSAFGGKK;|;KSAFGGK,155.03,DSSO,Intra,1,1,[K]SAFGGKK,1xDSSO [K1],P03801,81,[K]SAFGGK,1xDSSO [K1],P03801,81,GP67_BPT7 Protein 6.7 OS=Escherichia phage T7 OX=10760 GN=6.7 PE=4 SV=1,GP67_BPT7 Protein 6.7 OS=Escherichia phage T7 OX=10760 GN=6.7 PE=4 SV=1
FALSE,AELDKVQPDEQMTPQR;    |;   SKASGNGSAR,154.88,DSSO,Inter,2,2,AELD[K]VQPDEQMTPQR,1xOxidation [M12]; 1xDSSO [K5],P03725,338,S[K]ASGNGSAR,1xDSSO [K2],P03801,66,GP15_BPT7 Internal virion protein gp15 OS=Escherichia phage T7 OX=10760 GN=15 PE=1 SV=1,GP67_BPT7 Protein 6.7 OS=Escherichia phage T7 OX=10760 GN=6.7 PE=4 SV=1
FALSE,QLLSDPDGLAKVDEGLSMVER;          |;         IKTPK,154.65,DSSO,Inter,1,3,QLLSDPDGLA[K]VDEGLSMVER,1xOxidation [M18]; 1xDSSO [K11],P03728,105,I[K]TPK,1xDSSO [K2],P03801,8,PORTL_BPT7 Portal protein OS=Escherichia phage T7 OX=10760 GN=8 PE=1 SV=1,GP67_BPT7 Protein 6.7 OS=Escherichia phage T7 OX=10760 GN=6.7 PE=4 SV=1;DPOL_BPT7 DNA-directed DNA polymerase OS=Escherichia phage T7 OX=10760 GN=5 PE=1 SV=1
FALSE,SPMAGQLETFGGITPKGK;               |;         VWSENQKK,154.48,DSSO,Inter,1,2,SPMAGQLETFGGITP[K]GK,1xOxidation [M3]; 1xDSSO [K16],P03726,163,VWSENQ[K]K,1xDSSO [K7],P03725,697,EXLYS_BPT7 Peptidoglycan transglycosylase gp16 OS=Escherichia phage T7 OX=10760 GN=16 PE=1 SV=1,GP15_BPT7 Internal virion protein gp15 OS=Escherichia phage T7 OX=10760 GN=15 PE=1 SV=1
FALSE,KIYDSVKYR;      |;   LTVKR,153.97,DSSO,Intra,4,1,KIYDSV[K]YR,1xDSSO [K7],P03725,584,LTV[K]R,1xDSSO [K4],P03725,540,GP15_BPT7 Internal virion protein gp15 OS=Escherichia phage T7 OX=10760 GN=15 PE=1 SV=1,GP15_BPT7 Internal virion protein gp15 OS=Escherichia phage T7 OX=10760 GN=15 PE=1 SV=1
FALSE,MKSSIRK;      |;KSAFGGKK,153.77,DSSO,Intra,1,1,M[K]SSIRK,1xOxidation [M1]; 1xDSSO [K2],P03801,76,KSAFGG[K]K,1xDSSO [K7],P03801,87,GP67_BPT7 Protein 6.7 OS=Escherichia phage T7 OX=10760 GN=6.7 PE=4 SV=1,GP67_BPT7 Protein 6.7 OS=Escherichia phage T7 OX=10760 GN=6.7 PE=4 SV=1
FALSE,VLLKQLQATQQIPELPK;   |;  SKIESALQAAQPGLSR,152.17,DSSO,Inter,1,2,VLL[K]QLQATQQIPELPK,1xDSSO [K4],P03728,406,S[K]IESALQAAQPGLSR,1xDSSO [K2],P03725,2,PORTL_BPT7 Portal protein OS=Escherichia phage T7 OX=10760 GN=8 PE=1 SV=1,GP15_BPT7 Internal virion protein gp15 OS=Escherichia phage T7 OX=10760 GN=15 PE=1 SV=1
FALSE,STTKAPIVAAK;   |;   KLTPEQR,151.22,DSSO,Inter,2,2,STT[K]APIVAAK,1xDSSO [K4],P03724,183,[K]LTPEQR,1xDSSO [K1],P03725,77,GP14_BPT7 Internal virion protein gp14 OS=Escherichia phage T7 OX=10760 GN=14 PE=1 SV=1,GP15_BPT7 Internal virion protein gp15 OS=Escherichia phage T7 OX=10760 GN=15 PE=1 SV=1
FALSE,STILPKDTVK;     |;  ATAKALGLR,149.19,DSSO,Intra,4,1,STILP[K]DTVK,1xDSSO [K6],P03726,1220,ATA[K]ALGLR,1xDSSO [K4],P03726,62,EXLYS_BPT7 Peptidoglycan transglycosylase gp16 OS=Escherichia phage T7 OX=10760 GN=16 PE=1 SV=1,EXLYS_BPT7 Peptidoglycan transglycosylase gp16 OS=Escherichia phage T7 OX=10760 GN=16 PE=1 SV=1
FALSE,QTPKFIYGR;     |;DDSVAKSK,148.91,DSSO,Inter,1,2,QTP[K]FIYGR,1xDSSO [K4],P03725,740,DDSVA[K]SK,1xDSSO [K6],P03801,64,GP15_BPT7 Internal virion protein gp15 OS=Escherichia phage T7 OX=10760 GN=15 PE=1 SV=1,GP67_BPT7 Protein 6.7 OS=Escherichia phage T7 OX=10760 GN=6.7 PE=4 SV=1
FALSE,ESTYTFTGDDVDGDTVGVIPKNMMQVNSDPK;                    |;        SGNESMAMEQMTKFLK,148.66,DSSO,Intra,1,1,ESTYTFTGDDVDGDTVGVIP[K]NMMQVNSDPK,2xOxidation [M23; M24]; 1xDSSO [K21],P03725,623,SGNESMAMEQMT[K]FLK,3xOxidation [M6; M8; M11]; 1xDSSO [K13],P03725,599,GP15_BPT7 Internal virion protein gp15 OS=Escherichia phage T7 OX=10760 GN=15 PE=1 SV=1,GP15_BPT7 Internal virion protein gp15 OS=Escherichia phage T7 OX=10760 GN=15 PE=1 SV=1
FALSE,GIEQEATAKPFAK;        |;      WEKEGFLR,148.62,DSSO,Intra,1,1,GIEQEATA[K]PFAK,1xDSSO [K9],P03726,204,WE[K]EGFLR,1xDSSO [K3],P03726,1022,EXLYS_BPT7 Peptidoglycan transglycosylase gp16 OS=Escherichia phage T7 OX=10760 GN=16 PE=1 SV=1,EXLYS_BPT7 Peptidoglycan transglycosylase gp16 OS=Escherichia phage T7 OX=10760 GN=16 PE=1 SV=1
FALSE,QLLSDPDGLAKVDEGLSMVER;          |;        TPKMDTNQIR,148.54,DSSO,Inter,2,2,QLLSDPDGLA[K]VDEGLSMVER,1xOxidation [M18]; 1xDSSO [K11],P03728,105,TP[K]MDTNQIR,1xOxidation [M4]; 1xDSSO [K3],P03801,11,PORTL_BPT7 Portal protein OS=Escherichia phage T7 OX=10760 GN=8 PE=1 SV=1,GP67_BPT7 Protein 6.7 OS=Escherichia phage T7 OX=10760 GN=6.7 PE=4 SV=1
FALSE,ELLSKVWSENQK;    |;    KLEEK,147.58,DSSO,Intra,2,1,ELLS[K]VWSENQK,1xDSSO [K5],P03725,690,[K]LEEK,1xDSSO [K1],P03725,698,GP15_BPT7 Internal virion protein gp15 OS=Escherichia phage T7 OX=10760 GN=15 PE=1 SV=1,GP15_BPT7 Internal virion protein gp15 OS=Escherichia phage T7 OX=10760 GN=15 PE=1 SV=1
FALSE,SKPEAEFDNEFIGPMMR;        |;GIEQEATAKPFAK,147.42,DSSO,Intra,1,1,S[K]PEAEFDNEFIGPMMR,2xOxidation [M15; M16]; 1xDSSO [K2],P03726,416,GIEQEATA[K]PFAK,1xDSSO [K9],P03726,204,EXLYS_BPT7 Peptidoglycan transglycosylase gp16 OS=Escherichia phage T7 OX=10760 GN=16 PE=1 SV=1,EXLYS_BPT7 Peptidoglycan transglycosylase gp16 OS=Escherichia phage T7 OX=10760 GN=16 PE=1 SV=1
FALSE,SKASGNGSAR; |; KGLKVER,147.34,DSSO,Intra,2,1,S[K]ASGNGSAR,1xDSSO [K2],P03801,66,[K]GLKVER,1xDSSO [K1],P03801,52,GP67_BPT7 Protein 6.7 OS=Escherichia phage T7 OX=10760 GN=6.7 PE=4 SV=1,GP67_BPT7 Protein 6.7 OS=Escherichia phage T7 OX=10760 GN=6.7 PE=4 SV=1
FALSE,SKLEEASAELTSQNMQK; |;MKSSIR,146.78,DSSO,Inter,1,2,S[K]LEEASAELTSQNMQK,1xOxidation [M15]; 1xDSSO [K2],P03724,59,M[K]SSIR,1xOxidation [M1]; 1xDSSO [K2],P03801,76,GP14_BPT7 Internal virion protein gp14 OS=Escherichia phage T7 OX=10760 GN=14 PE=1 SV=1,GP67_BPT7 Protein 6.7 OS=Escherichia phage T7 OX=10760 GN=6.7 PE=4 SV=1
FALSE,HSDMVNYANKK;         |;    DDSVAKSK,146.71,DSSO,Inter,1,2,HSDMVNYAN[K]K,1xOxidation [M4]; 1xDSSO [K10],P03725,427,DDSVA[K]SK,1xDSSO [K6],P03801,64,GP15_BPT7 Internal virion protein gp15 OS=Escherichia phage T7 OX=10760 GN=15 PE=1 SV=1,GP67_BPT7 Protein 6.7 OS=Escherichia phage T7 OX=10760 GN=6.7 PE=4 SV=1
FALSE,GIEQEATAKPFAK;        |;        MDKYDK,145.83,DSSO,Intra,1,1,GIEQEATA[K]PFAK,1xDSSO [K9],P03726,204,[M]DKYDK,1xOxidation [M1]; 1xDSSO [M1],P03726,1,EXLYS_BPT7 Peptidoglycan transglycosylase gp16 OS=Escherichia phage T7 OX=10760 GN=16 PE=1 SV=1,EXLYS_BPT7 Peptidoglycan transglycosylase gp16 OS=Escherichia phage T7 OX=10760 GN=16 PE=1 SV=1
FALSE,GKGIPAEVGLAGIGHK; |; KVAWTESR,145.29,DSSO,Intra,1,1,G[K]GIPAEVGLAGIGHK,1xDSSO [K2],P03726,165,[K]VAWTESR,1xDSSO [K1],P03726,32,EXLYS_BPT7 Peptidoglycan transglycosylase gp16 OS=Escherichia phage T7 OX=10760 GN=16 PE=1 SV=1,EXLYS_BPT7 Peptidoglycan transglycosylase gp16 OS=Escherichia phage T7 OX=10760 GN=16 PE=1 SV=1
FALSE,KLEEKAR;    |;   MKSSIR,145.13,DSSO,Inter,2,2,KLEE[K]AR,1xDSSO [K5],P03725,702,M[K]SSIR,1xOxidation [M1]; 1xDSSO [K2],P03801,76,GP15_BPT7 Internal virion protein gp15 OS=Escherichia phage T7 OX=10760 GN=15 PE=1 SV=1,GP67_BPT7 Protein 6.7 OS=Escherichia phage T7 OX=10760 GN=6.7 PE=4 SV=1
FALSE,EKALADVNKR; |;SKASGNGSAR,144.77,DSSO,Inter,1,2,E[K]ALADVNKR,1xDSSO [K2],P03725,706,S[K]ASGNGSAR,1xDSSO [K2],P03801,66,GP15_BPT7 Internal virion protein gp15 OS=Escherichia phage T7 OX=10760 GN=15 PE=1 SV=1,GP67_BPT7 Protein 6.7 OS=Escherichia phage T7 OX=10760 GN=6.7 PE=4 SV=1
FALSE,DDSVAKSK;     |;  KGLKVER,144.24,DSSO,Intra,2,1,DDSVA[K]SK,1xDSSO [K6],P03801,64,KGL[K]VER,1xDSSO [K4],P03801,55,GP67_BPT7 Protein 6.7 OS=Escherichia phage T7 OX=10760 GN=6.7 PE=4 SV=1,GP67_BPT7 Protein 6.7 OS=Escherichia phage T7 OX=10760 GN=6.7 PE=4 SV=1
FALSE,SKASGNGSAR; |; KSAFGGKK,144.14,DSSO,Intra,2,1,S[K]ASGNGSAR,1xDSSO [K2],P03801,66,[K]SAFGGKK,1xDSSO [K1],P03801,81,GP67_BPT7 Protein 6.7 OS=Escherichia phage T7 OX=10760 GN=6.7 PE=4 SV=1,GP67_BPT7 Protein 6.7 OS=Escherichia phage T7 OX=10760 GN=6.7 PE=4 SV=1
FALSE,VLLKQLQATQQIPELPK;   |;  MKSSIR,143.46,DSSO,Inter,1,2,VLL[K]QLQATQQIPELPK,1xDSSO [K4],P03728,406,M[K]SSIR,1xOxidation [M1]; 1xDSSO [K2],P03801,76,PORTL_BPT7 Portal protein OS=Escherichia phage T7 OX=10760 GN=8 PE=1 SV=1,GP67_BPT7 Protein 6.7 OS=Escherichia phage T7 OX=10760 GN=6.7 PE=4 SV=1
FALSE,NISLYGAHDNFLSQQAQKGAIMNSR;                 |;               TPKMDTNQIR,141.88,DSSO,Inter,1,2,NISLYGAHDNFLSQQAQ[K]GAIMNSR,1xOxidation [M22]; 1xDSSO [K18],P03725,192,TP[K]MDTNQIR,1xOxidation [M4]; 1xDSSO [K3],P03801,11,GP15_BPT7 Internal virion protein gp15 OS=Escherichia phage T7 OX=10760 GN=15 PE=1 SV=1,GP67_BPT7 Protein 6.7 OS=Escherichia phage T7 OX=10760 GN=6.7 PE=4 SV=1
FALSE,ALADVNKR;      |; SAFGGKK,141.39,DSSO,Inter,1,2,ALADVN[K]R,1xDSSO [K7],P03725,713,SAFGG[K]K,1xDSSO [K6],P03801,87,GP15_BPT7 Internal virion protein gp15 OS=Escherichia phage T7 OX=10760 GN=15 PE=1 SV=1,GP67_BPT7 Protein 6.7 OS=Escherichia phage T7 OX=10760 GN=6.7 PE=4 SV=1
FALSE,SKASGNGSAR; |;MKSSIR,141.22,DSSO,Intra,3,1,S[K]ASGNGSAR,1xDSSO [K2],P03801,66,M[K]SSIR,1xDSSO [K2]; 1xOxidation [M1],P03801,76,GP67_BPT7 Protein 6.7 OS=Escherichia phage T7 OX=10760 GN=6.7 PE=4 SV=1,GP67_BPT7 Protein 6.7 OS=Escherichia phage T7 OX=10760 GN=6.7 PE=4 SV=1
FALSE,DTLYKSKPVSAK;    |;   SKASGNGSAR,140.75,DSSO,Inter,1,2,DTLY[K]SKPVSAK,1xDSSO [K5],P03726,919,S[K]ASGNGSAR,1xDSSO [K2],P03801,66,EXLYS_BPT7 Peptidoglycan transglycosylase gp16 OS=Escherichia phage T7 OX=10760 GN=16 PE=1 SV=1,GP67_BPT7 Protein 6.7 OS=Escherichia phage T7 OX=10760 GN=6.7 PE=4 SV=1
FALSE,VLLKQLQATQQIPELPK;   |;STTKAPIVAAK,140.22,DSSO,Inter,2,2,VLL[K]QLQATQQIPELPK,1xDSSO [K4],P03728,406,STT[K]APIVAAK,1xDSSO [K4],P03724,183,PORTL_BPT7 Portal protein OS=Escherichia phage T7 OX=10760 GN=8 PE=1 SV=1,GP14_BPT7 Internal virion protein gp14 OS=Escherichia phage T7 OX=10760 GN=14 PE=1 SV=1
FALSE,NLKGGISQQPDILR;  |; MKSSIR,139.77,DSSO,Inter,2,2,NL[K]GGISQQPDILR,1xDSSO [K3],P03747,12,M[K]SSIR,1xOxidation [M1]; 1xDSSO [K2],P03801,76,TUBE2_BPT7 Tail tubular protein gp12 OS=Escherichia phage T7 OX=10760 GN=12 PE=1 SV=1,GP67_BPT7 Protein 6.7 OS=Escherichia phage T7 OX=10760 GN=6.7 PE=4 SV=1
FALSE,YWIVTKASR;     |;  ILNKINR,139.44,DSSO,Intra,4,1,YWIVT[K]ASR,1xDSSO [K6],P03746,141,ILN[K]INR,1xDSSO [K4],P03746,49,TUBE1_BPT7 Tail tubular protein gp11 OS=Escherichia phage T7 OX=10760 GN=11 PE=1 SV=1,TUBE1_BPT7 Tail tubular protein gp11 OS=Escherichia phage T7 OX=10760 GN=11 PE=1 SV=1
FALSE,ASMTGGQQMGTNQGK;       |;GVVAAGDKLALFLK,138.9,DSSO,Intra,4,2,ASMTGGQQMGTNQGK,1xOxidation [M3; M9]; 1xDSSO [A1],P19727,0,GVVAAGD[K]LALFLK,1xDSSO [K8],P19727,24,CAPSB_BPT7 Minor capsid protein OS=Escherichia phage T7 OX=10760 GN=10 PE=1 SV=1;CAPSA_BPT7 Major capsid protein OS=Escherichia phage T7 OX=10760 GN=10 PE=1 SV=1,CAPSB_BPT7 Minor capsid protein OS=Escherichia phage T7 OX=10760 GN=10 PE=1 SV=1;CAPSA_BPT7 Major capsid protein OS=Escherichia phage T7 OX=10760 GN=10 PE=1 SV=1
FALSE,AMSDAMKDPEFSTGGAK;      |;     SKASGNGSAR,137.75,DSSO,Inter,1,2,AMSDAM[K]DPEFSTGGAK,2xOxidation [M2; M6]; 1xDSSO [K7],P03726,582,S[K]ASGNGSAR,1xDSSO [K2],P03801,66,EXLYS_BPT7 Peptidoglycan transglycosylase gp16 OS=Escherichia phage T7 OX=10760 GN=16 PE=1 SV=1,GP67_BPT7 Protein 6.7 OS=Escherichia phage T7 OX=10760 GN=6.7 PE=4 SV=1
FALSE,QTPKFIYGR;   |;   KGLKVER,137.18,DSSO,Inter,1,2,QTP[K]FIYGR,1xDSSO [K4],P03725,740,[K]GLKVER,1xDSSO [K1],P03801,52,GP15_BPT7 Internal virion protein gp15 OS=Escherichia phage T7 OX=10760 GN=15 PE=1 SV=1,GP67_BPT7 Protein 6.7 OS=Escherichia phage T7 OX=10760 GN=6.7 PE=4 SV=1
FALSE,LKINSALNQEDPR; |; KGLKVER,136.3,DSSO,Inter,2,2,L[K]INSALNQEDPR,1xDSSO [K2],P03725,312,[K]GLKVER,1xDSSO [K1],P03801,52,GP15_BPT7 Internal virion protein gp15 OS=Escherichia phage T7 OX=10760 GN=15 PE=1 SV=1,GP67_BPT7 Protein 6.7 OS=Escherichia phage T7 OX=10760 GN=6.7 PE=4 SV=1
FALSE,TGLAEDGAKSVYER;        |;  SAVGTVKLR,135.81,DSSO,Inter,2,3,TGLAEDGA[K]SVYER,1xDSSO [K9],P03728,14,SAVGTV[K]LR,1xDSSO [K7],P19727,302,PORTL_BPT7 Portal protein OS=Escherichia phage T7 OX=10760 GN=8 PE=1 SV=1,CAPSB_BPT7 Minor capsid protein OS=Escherichia phage T7 OX=10760 GN=10 PE=1 SV=1;CAPSA_BPT7 Major capsid protein OS=Escherichia phage T7 OX=10760 GN=10 PE=1 SV=1
FALSE,ELMENPAIFGNTKAVSIFPESR;            |;            KSLSVAR,133.9,DSSO,Inter,1,2,ELMENPAIFGNT[K]AVSIFPESR,1xOxidation [M3]; 1xDSSO [K13],P03726,651,[K]SLSVAR,1xDSSO [K1],P03751,85,EXLYS_BPT7 Peptidoglycan transglycosylase gp16 OS=Escherichia phage T7 OX=10760 GN=16 PE=1 SV=1,GP73_BPT7 Protein 7.3 OS=Escherichia phage T7 OX=10760 GN=7.3 PE=1 SV=1
FALSE,STTKAPIVAAK;   |;   KGLKVER,133.79,DSSO,Inter,1,2,STT[K]APIVAAK,1xDSSO [K4],P03724,183,[K]GLKVER,1xDSSO [K1],P03801,52,GP14_BPT7 Internal virion protein gp14 OS=Escherichia phage T7 OX=10760 GN=14 PE=1 SV=1,GP67_BPT7 Protein 6.7 OS=Escherichia phage T7 OX=10760 GN=6.7 PE=4 SV=1
FALSE,LAGFTEIGLKTLGSDDADIRR;         |;  AKAEGDGKK,132.96,DSSO,Intra,2,1,LAGFTEIGL[K]TLGSDDADIRR,1xDSSO [K10],P03726,520,AKAEGDG[K]K,1xDSSO [K8],P03726,840,EXLYS_BPT7 Peptidoglycan transglycosylase gp16 OS=Escherichia phage T7 OX=10760 GN=16 PE=1 SV=1,EXLYS_BPT7 Peptidoglycan transglycosylase gp16 OS=Escherichia phage T7 OX=10760 GN=16 PE=1 SV=1
FALSE,ALADVNKR;      |;      KSAFGGKK,130.28,DSSO,Inter,1,2,ALADVN[K]R,1xDSSO [K7],P03725,713,[K]SAFGGKK,1xDSSO [K1],P03801,81,GP15_BPT7 Internal virion protein gp15 OS=Escherichia phage T7 OX=10760 GN=15 PE=1 SV=1,GP67_BPT7 Protein 6.7 OS=Escherichia phage T7 OX=10760 GN=6.7 PE=4 SV=1
FALSE,MKSSIR;   |;LTVKR,130.01,DSSO,Inter,2,2,M[K]SSIR,1xOxidation [M1]; 1xDSSO [K2],P03801,76,LTV[K]R,1xDSSO [K4],P03725,540,GP67_BPT7 Protein 6.7 OS=Escherichia phage T7 OX=10760 GN=6.7 PE=4 SV=1,GP15_BPT7 Internal virion protein gp15 OS=Escherichia phage T7 OX=10760 GN=15 PE=1 SV=1
FALSE,AGADMYTAKEQR;        |;        KLTPEQR,128.65,DSSO,Intra,2,1,AGADMYTA[K]EQR,1xOxidation [M5]; 1xDSSO [K9],P03725,59,[K]LTPEQR,1xDSSO [K1],P03725,77,GP15_BPT7 Internal virion protein gp15 OS=Escherichia phage T7 OX=10760 GN=15 PE=1 SV=1,GP15_BPT7 Internal virion protein gp15 OS=Escherichia phage T7 OX=10760 GN=15 PE=1 SV=1
FALSE,EATDTGPAVANIVGTLKYSTQELAAR;                |;             DPNKPYTSR,127.94,DSSO,Intra,2,1,EATDTGPAVANIVGTL[K]YSTQELAAR,1xDSSO [K17],P03726,973,DPN[K]PYTSR,1xDSSO [K4],P03726,1230,EXLYS_BPT7 Peptidoglycan transglycosylase gp16 OS=Escherichia phage T7 OX=10760 GN=16 PE=1 SV=1,EXLYS_BPT7 Peptidoglycan transglycosylase gp16 OS=Escherichia phage T7 OX=10760 GN=16 PE=1 SV=1
FALSE,IKEGVFR; |;MKSSIR,127.31,DSSO,Inter,2,2,I[K]EGVFR,1xDSSO [K2],P03725,125,M[K]SSIR,1xOxidation [M1]; 1xDSSO [K2],P03801,76,GP15_BPT7 Internal virion protein gp15 OS=Escherichia phage T7 OX=10760 GN=15 PE=1 SV=1,GP67_BPT7 Protein 6.7 OS=Escherichia phage T7 OX=10760 GN=6.7 PE=4 SV=1
FALSE,ALADVNKR;      |;  KLEEKAR,127.07,DSSO,Intra,1,1,ALADVN[K]R,1xDSSO [K7],P03725,713,KLEE[K]AR,1xDSSO [K5],P03725,702,GP15_BPT7 Internal virion protein gp15 OS=Escherichia phage T7 OX=10760 GN=15 PE=1 SV=1,GP15_BPT7 Internal virion protein gp15 OS=Escherichia phage T7 OX=10760 GN=15 PE=1 SV=1
FALSE,FVPTAKSK;     |;     MDKYDK,126.57,DSSO,Intra,2,1,FVPTA[K]SK,1xDSSO [K6],P03726,45,[M]DKYDK,1xOxidation [M1]; 1xDSSO [M1],P03726,1,EXLYS_BPT7 Peptidoglycan transglycosylase gp16 OS=Escherichia phage T7 OX=10760 GN=16 PE=1 SV=1,EXLYS_BPT7 Peptidoglycan transglycosylase gp16 OS=Escherichia phage T7 OX=10760 GN=16 PE=1 SV=1
FALSE,APIVAAKGTK;      |;      KSAFGGKK,126.07,DSSO,Inter,1,2,APIVAA[K]GTK,1xDSSO [K7],P03724,190,[K]SAFGGKK,1xDSSO [K1],P03801,81,GP14_BPT7 Internal virion protein gp14 OS=Escherichia phage T7 OX=10760 GN=14 PE=1 SV=1,GP67_BPT7 Protein 6.7 OS=Escherichia phage T7 OX=10760 GN=6.7 PE=4 SV=1
FALSE,GQDLDKLER;     |;    IKTPK,126.03,DSSO,Inter,2,3,GQDLD[K]LER,1xDSSO [K6],P03728,441,I[K]TPK,1xDSSO [K2],P03801,8,PORTL_BPT7 Portal protein OS=Escherichia phage T7 OX=10760 GN=8 PE=1 SV=1,GP67_BPT7 Protein 6.7 OS=Escherichia phage T7 OX=10760 GN=6.7 PE=4 SV=1;DPOL_BPT7 DNA-directed DNA polymerase OS=Escherichia phage T7 OX=10760 GN=5 PE=1 SV=1
FALSE,QGIDPQVILDADRLTVKR;                |;               SKASGNGSAR,125.77,DSSO,Inter,2,2,QGIDPQVILDADRLTV[K]R,1xDSSO [K17],P03725,540,S[K]ASGNGSAR,1xDSSO [K2],P03801,66,GP15_BPT7 Internal virion protein gp15 OS=Escherichia phage T7 OX=10760 GN=15 PE=1 SV=1,GP67_BPT7 Protein 6.7 OS=Escherichia phage T7 OX=10760 GN=6.7 PE=4 SV=1
FALSE,LKINSALNQEDPR; |;IKEGVFR,124.47,DSSO,Intra,1,1,L[K]INSALNQEDPR,1xDSSO [K2],P03725,312,I[K]EGVFR,1xDSSO [K2],P03725,125,GP15_BPT7 Internal virion protein gp15 OS=Escherichia phage T7 OX=10760 GN=15 PE=1 SV=1,GP15_BPT7 Internal virion protein gp15 OS=Escherichia phage T7 OX=10760 GN=15 PE=1 SV=1
FALSE,VLLKQLQATQQIPELPK;   |;   SKIESALQAAQPGLSR,124.45,DSSO,Inter,1,2,VLL[K]QLQATQQIPELPK,1xDSSO [K4],P03728,406,[S]KIESALQAAQPGLSR,1xDSSO [S1],P03725,1,PORTL_BPT7 Portal protein OS=Escherichia phage T7 OX=10760 GN=8 PE=1 SV=1,GP15_BPT7 Internal virion protein gp15 OS=Escherichia phage T7 OX=10760 GN=15 PE=1 SV=1
FALSE,TPKMDTNQIR;  |; SKASGNGSAR,124.08,DSSO,Intra,1,1,TP[K]MDTNQIR,1xOxidation [M4]; 1xDSSO [K3],P03801,11,S[K]ASGNGSAR,1xDSSO [K2],P03801,66,GP67_BPT7 Protein 6.7 OS=Escherichia phage T7 OX=10760 GN=6.7 PE=4 SV=1,GP67_BPT7 Protein 6.7 OS=Escherichia phage T7 OX=10760 GN=6.7 PE=4 SV=1
FALSE,MKSSIR; |; KLEEK,122.51,DSSO,Inter,1,2,M[K]SSIR,1xOxidation [M1]; 1xDSSO [K2],P03801,76,[K]LEEK,1xDSSO [K1],P03725,698,GP67_BPT7 Protein 6.7 OS=Escherichia phage T7 OX=10760 GN=6.7 PE=4 SV=1,GP15_BPT7 Internal virion protein gp15 OS=Escherichia phage T7 OX=10760 GN=15 PE=1 SV=1
FALSE,KSAFGGKK;      |;   LTVKR,122.44,DSSO,Inter,1,2,KSAFGG[K]K,1xDSSO [K7],P03801,87,LTV[K]R,1xDSSO [K4],P03725,540,GP67_BPT7 Protein 6.7 OS=Escherichia phage T7 OX=10760 GN=6.7 PE=4 SV=1,GP15_BPT7 Internal virion protein gp15 OS=Escherichia phage T7 OX=10760 GN=15 PE=1 SV=1
FALSE,TQAAYLAPGENLDDKRK;              |;               ASMTGGQQMGTNQGK,121.96,DSSO,Intra,4,2,TQAAYLAPGENLDD[K]RK,1xDSSO [K15],P19727,83,ASMTGGQQMGTNQGK,2xOxidation [M3; M9]; 1xDSSO [A1],P19727,0,CAPSB_BPT7 Minor capsid protein OS=Escherichia phage T7 OX=10760 GN=10 PE=1 SV=1;CAPSA_BPT7 Major capsid protein OS=Escherichia phage T7 OX=10760 GN=10 PE=1 SV=1,CAPSB_BPT7 Minor capsid protein OS=Escherichia phage T7 OX=10760 GN=10 PE=1 SV=1;CAPSA_BPT7 Major capsid protein OS=Escherichia phage T7 OX=10760 GN=10 PE=1 SV=1
FALSE,SKLEEASAELTSQNMQK;   |;KGLKVER,121.82,DSSO,Inter,2,2,S[K]LEEASAELTSQNMQK,1xOxidation [M15]; 1xDSSO [K2],P03724,59,KGL[K]VER,1xDSSO [K4],P03801,55,GP14_BPT7 Internal virion protein gp14 OS=Escherichia phage T7 OX=10760 GN=14 PE=1 SV=1,GP67_BPT7 Protein 6.7 OS=Escherichia phage T7 OX=10760 GN=6.7 PE=4 SV=1
FALSE,WEKEGFLR;  |;  MDKYDK,121.74,DSSO,Intra,1,1,WE[K]EGFLR,1xDSSO [K3],P03726,1022,[M]DKYDK,1xOxidation [M1]; 1xDSSO [M1],P03726,1,EXLYS_BPT7 Peptidoglycan transglycosylase gp16 OS=Escherichia phage T7 OX=10760 GN=16 PE=1 SV=1,EXLYS_BPT7 Peptidoglycan transglycosylase gp16 OS=Escherichia phage T7 OX=10760 GN=16 PE=1 SV=1
FALSE,SLIKEHMVR;   |; WEKEGFLR,121.05,DSSO,Intra,1,1,SLI[K]EHMVR,1xOxidation [M7]; 1xDSSO [K4],P03726,1044,WE[K]EGFLR,1xDSSO [K3],P03726,1022,EXLYS_BPT7 Peptidoglycan transglycosylase gp16 OS=Escherichia phage T7 OX=10760 GN=16 PE=1 SV=1,EXLYS_BPT7 Peptidoglycan transglycosylase gp16 OS=Escherichia phage T7 OX=10760 GN=16 PE=1 SV=1
FALSE,IKEGVFR; |;VKTGR,117.16,DSSO,Intra,2,1,I[K]EGVFR,1xDSSO [K2],P03725,125,V[K]TGR,1xDSSO [K2],P03725,107,GP15_BPT7 Internal virion protein gp15 OS=Escherichia phage T7 OX=10760 GN=15 PE=1 SV=1,GP15_BPT7 Internal virion protein gp15 OS=Escherichia phage T7 OX=10760 GN=15 PE=1 SV=1
FALSE,SMNKLDVIDKQFQK;         |;        GKGIPAEVGLAGIGHK,116.58,DSSO,Inter,1,2,SMNKLDVID[K]QFQK,1xOxidation [M2]; 1xDSSO [K10],P03725,389,G[K]GIPAEVGLAGIGHK,1xDSSO [K2],P03726,165,GP15_BPT7 Internal virion protein gp15 OS=Escherichia phage T7 OX=10760 GN=15 PE=1 SV=1,EXLYS_BPT7 Peptidoglycan transglycosylase gp16 OS=Escherichia phage T7 OX=10760 GN=16 PE=1 SV=1
FALSE,GVVAAGDKLALFLK;       |;    AANKAR,116.54,DSSO,Intra,2,2,GVVAAGD[K]LALFLK,1xDSSO [K8],P19727,24,AAN[K]AR,1xDSSO [K4],P19727,384,CAPSB_BPT7 Minor capsid protein OS=Escherichia phage T7 OX=10760 GN=10 PE=1 SV=1;CAPSA_BPT7 Major capsid protein OS=Escherichia phage T7 OX=10760 GN=10 PE=1 SV=1,CAPSB_BPT7 Minor capsid protein OS=Escherichia phage T7 OX=10760 GN=10 PE=1 SV=1
FALSE,QLQATQQIPELPKEAVEPTISTGLEAIGR;            |;          FAKAGADMYTAK,116.39,DSSO,Inter,2,2,QLQATQQIPELP[K]EAVEPTISTGLEAIGR,1xDSSO [K13],P03728,419,FA[K]AGADMYTAK,1xOxidation [M8]; 1xDSSO [K3],P03725,50,PORTL_BPT7 Portal protein OS=Escherichia phage T7 OX=10760 GN=8 PE=1 SV=1,GP15_BPT7 Internal virion protein gp15 OS=Escherichia phage T7 OX=10760 GN=15 PE=1 SV=1
FALSE,GLKVERDDSVAK;  |;  KSAFGGKK,115.69,DSSO,Intra,3,1,GL[K]VERDDSVAK,1xDSSO [K3],P03801,55,[K]SAFGGKK,1xDSSO [K1],P03801,81,GP67_BPT7 Protein 6.7 OS=Escherichia phage T7 OX=10760 GN=6.7 PE=4 SV=1,GP67_BPT7 Protein 6.7 OS=Escherichia phage T7 OX=10760 GN=6.7 PE=4 SV=1
FALSE,APIVAATKAR;       |;      SKASGNGSAR,113.62,DSSO,Inter,1,2,APIVAAT[K]AR,1xDSSO [K8],P03725,722,S[K]ASGNGSAR,1xDSSO [K2],P03801,66,GP15_BPT7 Internal virion protein gp15 OS=Escherichia phage T7 OX=10760 GN=15 PE=1 SV=1,GP67_BPT7 Protein 6.7 OS=Escherichia phage T7 OX=10760 GN=6.7 PE=4 SV=1
FALSE,KVVKEGARPVK;  |;VTKSVK,111.86,DSSO,Intra,1,1,[K]VVKEGARPVK,1xDSSO [K1],P03751,18,VT[K]SVK,1xDSSO [K3],P03751,14,GP73_BPT7 Protein 7.3 OS=Escherichia phage T7 OX=10760 GN=7.3 PE=1 SV=1,GP73_BPT7 Protein 7.3 OS=Escherichia phage T7 OX=10760 GN=7.3 PE=1 SV=1
FALSE,SKASGNGSAR;      |;ALADVNKR,111.69,DSSO,Inter,1,2,S[K]ASGNGSAR,1xDSSO [K2],P03801,66,ALADVN[K]R,1xDSSO [K7],P03725,713,GP67_BPT7 Protein 6.7 OS=Escherichia phage T7 OX=10760 GN=6.7 PE=4 SV=1,GP15_BPT7 Internal virion protein gp15 OS=Escherichia phage T7 OX=10760 GN=15 PE=1 SV=1
FALSE,LKYLQADSK; |;SKASGNGSAR,110.88,DSSO,Inter,2,2,L[K]YLQADSK,1xDSSO [K2],P03725,448,S[K]ASGNGSAR,1xDSSO [K2],P03801,66,GP15_BPT7 Internal virion protein gp15 OS=Escherichia phage T7 OX=10760 GN=15 PE=1 SV=1,GP67_BPT7 Protein 6.7 OS=Escherichia phage T7 OX=10760 GN=6.7 PE=4 SV=1
FALSE,LDVIDKQFQKR;         |;   YLQADSKDGAFR,109.55,DSSO,Intra,1,1,LDVIDKQFQ[K]R,1xDSSO [K10],P03725,393,YLQADS[K]DGAFR,1xDSSO [K7],P03725,455,GP15_BPT7 Internal virion protein gp15 OS=Escherichia phage T7 OX=10760 GN=15 PE=1 SV=1,GP15_BPT7 Internal virion protein gp15 OS=Escherichia phage T7 OX=10760 GN=15 PE=1 SV=1
FALSE,STILPKDTVK;       |;AKAEGDGKK,109.15,DSSO,Intra,1,1,STILP[K]DTVK,1xDSSO [K6],P03726,1220,AKAEGDG[K]K,1xDSSO [K8],P03726,840,EXLYS_BPT7 Peptidoglycan transglycosylase gp16 OS=Escherichia phage T7 OX=10760 GN=16 PE=1 SV=1,EXLYS_BPT7 Peptidoglycan transglycosylase gp16 OS=Escherichia phage T7 OX=10760 GN=16 PE=1 SV=1
FALSE,KSAFGGKK;   |;LTVKR,106.91,DSSO,Inter,1,2,[K]SAFGGKK,1xDSSO [K1],P03801,81,LTV[K]R,1xDSSO [K4],P03725,540,GP67_BPT7 Protein 6.7 OS=Escherichia phage T7 OX=10760 GN=6.7 PE=4 SV=1,GP15_BPT7 Internal virion protein gp15 OS=Escherichia phage T7 OX=10760 GN=15 PE=1 SV=1
FALSE,TPKMDTNQIR;   |;KGLKVER,106.91,DSSO,Intra,2,1,TP[K]MDTNQIR,1xOxidation [M4]; 1xDSSO [K3],P03801,11,KGL[K]VER,1xDSSO [K4],P03801,55,GP67_BPT7 Protein 6.7 OS=Escherichia phage T7 OX=10760 GN=6.7 PE=4 SV=1,GP67_BPT7 Protein 6.7 OS=Escherichia phage T7 OX=10760 GN=6.7 PE=4 SV=1
FALSE,DMPVNENTGEFKHSDMVNYANK;           |;        LEEKAR,105.39,DSSO,Intra,1,1,DMPVNENTGEF[K]HSDMVNYANK,2xOxidation [M2; M16]; 1xDSSO [K12],P03725,417,LEE[K]AR,1xDSSO [K4],P03725,702,GP15_BPT7 Internal virion protein gp15 OS=Escherichia phage T7 OX=10760 GN=15 PE=1 SV=1,GP15_BPT7 Internal virion protein gp15 OS=Escherichia phage T7 OX=10760 GN=15 PE=1 SV=1
FALSE,SKLEEASAELTSQNMQKVQAIGSIR;                |;               IKEGVFR,104.83,DSSO,Inter,1,2,SKLEEASAELTSQNMQ[K]VQAIGSIR,1xOxidation [M15]; 1xDSSO [K17],P03724,74,I[K]EGVFR,1xDSSO [K2],P03725,125,GP14_BPT7 Internal virion protein gp14 OS=Escherichia phage T7 OX=10760 GN=14 PE=1 SV=1,GP15_BPT7 Internal virion protein gp15 OS=Escherichia phage T7 OX=10760 GN=15 PE=1 SV=1
FALSE,KGLKVER;       |;KSAFGGKK,102.95,DSSO,Intra,1,1,KGL[K]VER,1xDSSO [K4],P03801,55,KSAFGGK[K],1xDSSO [K8],P03801,88,GP67_BPT7 Protein 6.7 OS=Escherichia phage T7 OX=10760 GN=6.7 PE=4 SV=1,GP67_BPT7 Protein 6.7 OS=Escherichia phage T7 OX=10760 GN=6.7 PE=4 SV=1
FALSE,AALTKNYVPAADR;      |;SAVGTVKLR,102.73,DSSO,Intra,2,2,AALT[K]NYVPAADR,1xDSSO [K5],P19727,197,SAVGTV[K]LR,1xDSSO [K7],P19727,302,CAPSB_BPT7 Minor capsid protein OS=Escherichia phage T7 OX=10760 GN=10 PE=1 SV=1;CAPSA_BPT7 Major capsid protein OS=Escherichia phage T7 OX=10760 GN=10 PE=1 SV=1,CAPSB_BPT7 Minor capsid protein OS=Escherichia phage T7 OX=10760 GN=10 PE=1 SV=1;CAPSA_BPT7 Major capsid protein OS=Escherichia phage T7 OX=10760 GN=10 PE=1 SV=1
FALSE,INGEWVSTDFKDMPVNENTGEFK;          |;    YLQADSKDGAFR,102.03,DSSO,Intra,1,1,INGEWVSTDF[K]DMPVNENTGEFK,1xOxidation [M13]; 1xDSSO [K11],P03725,405,YLQADS[K]DGAFR,1xDSSO [K7],P03725,455,GP15_BPT7 Internal virion protein gp15 OS=Escherichia phage T7 OX=10760 GN=15 PE=1 SV=1,GP15_BPT7 Internal virion protein gp15 OS=Escherichia phage T7 OX=10760 GN=15 PE=1 SV=1
FALSE,HSDMVNYANKK;         |;         KGLKVER,98.52,DSSO,Inter,1,2,HSDMVNYAN[K]K,1xOxidation [M4]; 1xDSSO [K10],P03725,427,[K]GLKVER,1xDSSO [K1],P03801,52,GP15_BPT7 Internal virion protein gp15 OS=Escherichia phage T7 OX=10760 GN=15 PE=1 SV=1,GP67_BPT7 Protein 6.7 OS=Escherichia phage T7 OX=10760 GN=6.7 PE=4 SV=1
FALSE,LKYLQADSK; |; KSAFGGK,98.04,DSSO,Inter,1,2,L[K]YLQADSK,1xDSSO [K2],P03725,448,[K]SAFGGK,1xDSSO [K1],P03801,81,GP15_BPT7 Internal virion protein gp15 OS=Escherichia phage T7 OX=10760 GN=15 PE=1 SV=1,GP67_BPT7 Protein 6.7 OS=Escherichia phage T7 OX=10760 GN=6.7 PE=4 SV=1
FALSE,GQDLDKLER;     |;DDSVAKSK,97.63,DSSO,Inter,1,2,GQDLD[K]LER,1xDSSO [K6],P03728,441,DDSVA[K]SK,1xDSSO [K6],P03801,64,PORTL_BPT7 Portal protein OS=Escherichia phage T7 OX=10760 GN=8 PE=1 SV=1,GP67_BPT7 Protein 6.7 OS=Escherichia phage T7 OX=10760 GN=6.7 PE=4 SV=1
FALSE,KVVKEGARPVK;   |; VTKSVK,95.54,DSSO,Intra,1,1,KVV[K]EGARPVK,1xDSSO [K4],P03751,21,VT[K]SVK,1xDSSO [K3],P03751,14,GP73_BPT7 Protein 7.3 OS=Escherichia phage T7 OX=10760 GN=7.3 PE=1 SV=1,GP73_BPT7 Protein 7.3 OS=Escherichia phage T7 OX=10760 GN=7.3 PE=1 SV=1
FALSE,KLTPEQR; |;MKSSIR,94.3,DSSO,Inter,1,2,[K]LTPEQR,1xDSSO [K1],P03725,77,M[K]SSIR,1xOxidation [M1]; 1xDSSO [K2],P03801,76,GP15_BPT7 Internal virion protein gp15 OS=Escherichia phage T7 OX=10760 GN=15 PE=1 SV=1,GP67_BPT7 Protein 6.7 OS=Escherichia phage T7 OX=10760 GN=6.7 PE=4 SV=1
FALSE,ELLSKVWSENQK;    |;   SKASGNGSAR,94.12,DSSO,Inter,1,2,ELLS[K]VWSENQK,1xDSSO [K5],P03725,690,S[K]ASGNGSAR,1xDSSO [K2],P03801,66,GP15_BPT7 Internal virion protein gp15 OS=Escherichia phage T7 OX=10760 GN=15 PE=1 SV=1,GP67_BPT7 Protein 6.7 OS=Escherichia phage T7 OX=10760 GN=6.7 PE=4 SV=1
FALSE,SKASGNGSAR; |; KLTPEQR,93.15,DSSO,Inter,2,2,S[K]ASGNGSAR,1xDSSO [K2],P03801,66,[K]LTPEQR,1xDSSO [K1],P03725,77,GP67_BPT7 Protein 6.7 OS=Escherichia phage T7 OX=10760 GN=6.7 PE=4 SV=1,GP15_BPT7 Internal virion protein gp15 OS=Escherichia phage T7 OX=10760 GN=15 PE=1 SV=1
FALSE,SKPVSAKELK;      |;      MDKYDK,92.65,DSSO,Intra,1,1,SKPVSA[K]ELK,1xDSSO [K7],P03726,926,[M]DKYDK,1xOxidation [M1]; 1xDSSO [M1],P03726,1,EXLYS_BPT7 Peptidoglycan transglycosylase gp16 OS=Escherichia phage T7 OX=10760 GN=16 PE=1 SV=1,EXLYS_BPT7 Peptidoglycan transglycosylase gp16 OS=Escherichia phage T7 OX=10760 GN=16 PE=1 SV=1
FALSE,DTLYKSKPVSAK;      |;      KSAFGGK,92.15,DSSO,Inter,1,2,DTLYKS[K]PVSAK,1xDSSO [K7],P03726,921,[K]SAFGGK,1xDSSO [K1],P03801,81,EXLYS_BPT7 Peptidoglycan transglycosylase gp16 OS=Escherichia phage T7 OX=10760 GN=16 PE=1 SV=1,GP67_BPT7 Protein 6.7 OS=Escherichia phage T7 OX=10760 GN=6.7 PE=4 SV=1
FALSE,LDVIDKQFQKR;         |;         KGLKVER,92.11,DSSO,Inter,1,2,LDVIDKQFQ[K]R,1xDSSO [K10],P03725,393,[K]GLKVER,1xDSSO [K1],P03801,52,GP15_BPT7 Internal virion protein gp15 OS=Escherichia phage T7 OX=10760 GN=15 PE=1 SV=1,GP67_BPT7 Protein 6.7 OS=Escherichia phage T7 OX=10760 GN=6.7 PE=4 SV=1
FALSE,QLQATQQIPELPKEAVEPTISTGLEAIGR;            |;           SKASGNGSAR,90.86,DSSO,Inter,1,2,QLQATQQIPELP[K]EAVEPTISTGLEAIGR,1xDSSO [K13],P03728,419,S[K]ASGNGSAR,1xDSSO [K2],P03801,66,PORTL_BPT7 Portal protein OS=Escherichia phage T7 OX=10760 GN=8 PE=1 SV=1,GP67_BPT7 Protein 6.7 OS=Escherichia phage T7 OX=10760 GN=6.7 PE=4 SV=1
FALSE,GQDLDKLER;     |;    MKSSIR,89.28,DSSO,Inter,1,2,GQDLD[K]LER,1xDSSO [K6],P03728,441,M[K]SSIR,1xOxidation [M1]; 1xDSSO [K2],P03801,76,PORTL_BPT7 Portal protein OS=Escherichia phage T7 OX=10760 GN=8 PE=1 SV=1,GP67_BPT7 Protein 6.7 OS=Escherichia phage T7 OX=10760 GN=6.7 PE=4 SV=1
FALSE,STILPKDTVK;     |;FVPTAKSK,88.6,DSSO,Intra,1,1,STILP[K]DTVK,1xDSSO [K6],P03726,1220,FVPTA[K]SK,1xDSSO [K6],P03726,45,EXLYS_BPT7 Peptidoglycan transglycosylase gp16 OS=Escherichia phage T7 OX=10760 GN=16 PE=1 SV=1,EXLYS_BPT7 Peptidoglycan transglycosylase gp16 OS=Escherichia phage T7 OX=10760 GN=16 PE=1 SV=1
FALSE,DDSVAKSK;     |;     KGLKVER,85.91,DSSO,Intra,2,1,DDSVA[K]SK,1xDSSO [K6],P03801,64,[K]GLKVER,1xDSSO [K1],P03801,52,GP67_BPT7 Protein 6.7 OS=Escherichia phage T7 OX=10760 GN=6.7 PE=4 SV=1,GP67_BPT7 Protein 6.7 OS=Escherichia phage T7 OX=10760 GN=6.7 PE=4 SV=1
FALSE,LQEGAKVYAEQFGIDPEDVDYQR;     |;   FAKAGADMYTAK,81.78,DSSO,Intra,1,1,LQEGA[K]VYAEQFGIDPEDVDYQR,1xDSSO [K6],P03725,148,FA[K]AGADMYTAK,1xOxidation [M8]; 1xDSSO [K3],P03725,50,GP15_BPT7 Internal virion protein gp15 OS=Escherichia phage T7 OX=10760 GN=15 PE=1 SV=1,GP15_BPT7 Internal virion protein gp15 OS=Escherichia phage T7 OX=10760 GN=15 PE=1 SV=1
FALSE,QLLSDPDGLAKVDEGLSMVER;          |;  AGADMYTAKEQR,79.12,DSSO,Inter,2,2,QLLSDPDGLA[K]VDEGLSMVER,1xOxidation [M18]; 1xDSSO [K11],P03728,105,AGADMYTA[K]EQR,1xOxidation [M5]; 1xDSSO [K9],P03725,59,PORTL_BPT7 Portal protein OS=Escherichia phage T7 OX=10760 GN=8 PE=1 SV=1,GP15_BPT7 Internal virion protein gp15 OS=Escherichia phage T7 OX=10760 GN=15 PE=1 SV=1
FALSE,LKINSALNQEDPR;     |;DDSVAKSK,78.71,DSSO,Inter,1,2,L[K]INSALNQEDPR,1xDSSO [K2],P03725,312,DDSVA[K]SK,1xDSSO [K6],P03801,64,GP15_BPT7 Internal virion protein gp15 OS=Escherichia phage T7 OX=10760 GN=15 PE=1 SV=1,GP67_BPT7 Protein 6.7 OS=Escherichia phage T7 OX=10760 GN=6.7 PE=4 SV=1
FALSE,LTISEYEAKQLLSDPDGLAK;        |;      TPKMDTNQIR,74.96,DSSO,Inter,1,2,LTISEYEA[K]QLLSDPDGLAK,1xDSSO [K9],P03728,94,TP[K]MDTNQIR,1xOxidation [M4]; 1xDSSO [K3],P03801,11,PORTL_BPT7 Portal protein OS=Escherichia phage T7 OX=10760 GN=8 PE=1 SV=1,GP67_BPT7 Protein 6.7 OS=Escherichia phage T7 OX=10760 GN=6.7 PE=4 SV=1
FALSE,IKEGVFR;   |;VREKR,72.79,DSSO,Intra,1,1,I[K]EGVFR,1xDSSO [K2],P03725,125,VRE[K]R,1xDSSO [K4],P03725,734,GP15_BPT7 Internal virion protein gp15 OS=Escherichia phage T7 OX=10760 GN=15 PE=1 SV=1,GP15_BPT7 Internal virion protein gp15 OS=Escherichia phage T7 OX=10760 GN=15 PE=1 SV=1
FALSE,SMNKLDVIDKQFQK;         |;    DDSVAKSK,68.38,DSSO,Inter,1,2,SMNKLDVID[K]QFQK,1xOxidation [M2]; 1xDSSO [K10],P03725,389,DDSVA[K]SK,1xDSSO [K6],P03801,64,GP15_BPT7 Internal virion protein gp15 OS=Escherichia phage T7 OX=10760 GN=15 PE=1 SV=1,GP67_BPT7 Protein 6.7 OS=Escherichia phage T7 OX=10760 GN=6.7 PE=4 SV=1
FALSE,LAEIDSMDIPDGAKDAMKLK;                 |;               TPKMDTNQIR,66.76,DSSO,Inter,1,2,LAEIDSMDIPDGAKDAM[K]LK,2xOxidation [M7; M17]; 1xDSSO [K18],P03725,446,TP[K]MDTNQIR,1xOxidation [M4]; 1xDSSO [K3],P03801,11,GP15_BPT7 Internal virion protein gp15 OS=Escherichia phage T7 OX=10760 GN=15 PE=1 SV=1,GP67_BPT7 Protein 6.7 OS=Escherichia phage T7 OX=10760 GN=6.7 PE=4 SV=1
FALSE,SKPEAEFDNEFIGPMMR; |;SKASGNGSAR,62.71,DSSO,Inter,2,2,S[K]PEAEFDNEFIGPMMR,2xOxidation [M15; M16]; 1xDSSO [K2],P03726,416,S[K]ASGNGSAR,1xDSSO [K2],P03801,66,EXLYS_BPT7 Peptidoglycan transglycosylase gp16 OS=Escherichia phage T7 OX=10760 GN=16 PE=1 SV=1,GP67_BPT7 Protein 6.7 OS=Escherichia phage T7 OX=10760 GN=6.7 PE=4 SV=1
FALSE,KLTPEQR;     |;DDSVAKSK,59.29,DSSO,Inter,1,2,[K]LTPEQR,1xDSSO [K1],P03725,77,DDSVA[K]SK,1xDSSO [K6],P03801,64,GP15_BPT7 Internal virion protein gp15 OS=Escherichia phage T7 OX=10760 GN=15 PE=1 SV=1,GP67_BPT7 Protein 6.7 OS=Escherichia phage T7 OX=10760 GN=6.7 PE=4 SV=1
FALSE,VLLKQLQATQQIPELPK;   |; FAKAGADMYTAK,58.92,DSSO,Inter,1,2,VLL[K]QLQATQQIPELPK,1xDSSO [K4],P03728,406,FA[K]AGADMYTAK,1xOxidation [M8]; 1xDSSO [K3],P03725,50,PORTL_BPT7 Portal protein OS=Escherichia phage T7 OX=10760 GN=8 PE=1 SV=1,GP15_BPT7 Internal virion protein gp15 OS=Escherichia phage T7 OX=10760 GN=15 PE=1 SV=1
FALSE,APIVAATKAR;       |;  DDSVAKSK,57.33,DSSO,Inter,1,2,APIVAAT[K]AR,1xDSSO [K8],P03725,722,DDSVA[K]SK,1xDSSO [K6],P03801,64,GP15_BPT7 Internal virion protein gp15 OS=Escherichia phage T7 OX=10760 GN=15 PE=1 SV=1,GP67_BPT7 Protein 6.7 OS=Escherichia phage T7 OX=10760 GN=6.7 PE=4 SV=1
FALSE,ASMTGGQQMGTNQGK;  |;DIKHTEK,57.07,DSSO,Intra,2,2,ASMTGGQQMGTNQGK,2xOxidation [M3; M9]; 1xDSSO [A1],P19727,0,DI[K]HTEK,1xDSSO [K3],P19727,88,CAPSB_BPT7 Minor capsid protein OS=Escherichia phage T7 OX=10760 GN=10 PE=1 SV=1;CAPSA_BPT7 Major capsid protein OS=Escherichia phage T7 OX=10760 GN=10 PE=1 SV=1,CAPSB_BPT7 Minor capsid protein OS=Escherichia phage T7 OX=10760 GN=10 PE=1 SV=1;CAPSA_BPT7 Major capsid protein OS=Escherichia phage T7 OX=10760 GN=10 PE=1 SV=1
FALSE,FQIHSNGLGFKNIADSR;          |;           ASMTGGQQMGTNQGK,53.68,DSSO,Inter,1,3,FQIHSNGLGF[K]NIADSR,1xDSSO [K11],P03748,536,ASMTGGQQMGTNQGK,2xOxidation [M3; M9]; 1xDSSO [A1],P19727,0,FIBER_BPT7 Tail fiber protein OS=Escherichia phage T7 OX=10760 GN=17 PE=1 SV=1,CAPSB_BPT7 Minor capsid protein OS=Escherichia phage T7 OX=10760 GN=10 PE=1 SV=1;CAPSA_BPT7 Major capsid protein OS=Escherichia phage T7 OX=10760 GN=10 PE=1 SV=1
FALSE,TPKMDTNQIR;  |; MKSSIR,47.92,DSSO,Intra,1,1,TP[K]MDTNQIR,1xOxidation [M4]; 1xDSSO [K3],P03801,11,M[K]SSIR,1xOxidation [M1]; 1xDSSO [K2],P03801,76,GP67_BPT7 Protein 6.7 OS=Escherichia phage T7 OX=10760 GN=6.7 PE=4 SV=1,GP67_BPT7 Protein 6.7 OS=Escherichia phage T7 OX=10760 GN=6.7 PE=4 SV=1
FALSE,QADFTVAKAVSDAIEAR;       |;     VTKSVK,47.92,DSSO,Inter,1,2,QADFTVA[K]AVSDAIEAR,1xDSSO [K8],P03728,342,VT[K]SVK,1xDSSO [K3],P03751,14,PORTL_BPT7 Portal protein OS=Escherichia phage T7 OX=10760 GN=8 PE=1 SV=1,GP73_BPT7 Protein 7.3 OS=Escherichia phage T7 OX=10760 GN=7.3 PE=1 SV=1
FALSE,ASMTGGQQMGTNQGK; |;RKDIK,45.16,DSSO,Intra,1,2,ASMTGGQQMGTNQGK,2xOxidation [M3; M9]; 1xDSSO [A1],P19727,0,R[K]DIK,1xDSSO [K2],P19727,85,CAPSB_BPT7 Minor capsid protein OS=Escherichia phage T7 OX=10760 GN=10 PE=1 SV=1;CAPSA_BPT7 Major capsid protein OS=Escherichia phage T7 OX=10760 GN=10 PE=1 SV=1,CAPSB_BPT7 Minor capsid protein OS=Escherichia phage T7 OX=10760 GN=10 PE=1 SV=1;CAPSA_BPT7 Major capsid protein OS=Escherichia phage T7 OX=10760 GN=10 PE=1 SV=1
FALSE,QGIDPQVILDADRLTVKR;                |;               SKEQR,45.16,DSSO,Intra,1,1,QGIDPQVILDADRLTV[K]R,1xDSSO [K17],P03725,540,S[K]EQR,1xDSSO [K2],P03725,543,GP15_BPT7 Internal virion protein gp15 OS=Escherichia phage T7 OX=10760 GN=15 PE=1 SV=1,GP15_BPT7 Internal virion protein gp15 OS=Escherichia phage T7 OX=10760 GN=15 PE=1 SV=1
FALSE,KVTLNGATTTYR; |;SKASGNGSAR,44.72,DSSO,Inter,1,2,[K]VTLNGATTTYR,1xDSSO [K1],P03725,268,S[K]ASGNGSAR,1xDSSO [K2],P03801,66,GP15_BPT7 Internal virion protein gp15 OS=Escherichia phage T7 OX=10760 GN=15 PE=1 SV=1,GP67_BPT7 Protein 6.7 OS=Escherichia phage T7 OX=10760 GN=6.7 PE=4 SV=1
FALSE,APIVAAKGTK;      |;      KLTPEQR,44.72,DSSO,Inter,2,2,APIVAA[K]GTK,1xDSSO [K7],P03724,190,[K]LTPEQR,1xDSSO [K1],P03725,77,GP14_BPT7 Internal virion protein gp14 OS=Escherichia phage T7 OX=10760 GN=14 PE=1 SV=1,GP15_BPT7 Internal virion protein gp15 OS=Escherichia phage T7 OX=10760 GN=15 PE=1 SV=1
FALSE,NAAYLVDDDVMQKIK;            |;           IKTPK,44.53,DSSO,Inter,1,3,NAAYLVDDDVMQ[K]IK,1xOxidation [M11]; 1xDSSO [K13],P03725,123,I[K]TPK,1xDSSO [K2],P03801,8,GP15_BPT7 Internal virion protein gp15 OS=Escherichia phage T7 OX=10760 GN=15 PE=1 SV=1,GP67_BPT7 Protein 6.7 OS=Escherichia phage T7 OX=10760 GN=6.7 PE=4 SV=1;DPOL_BPT7 DNA-directed DNA polymerase OS=Escherichia phage T7 OX=10760 GN=5 PE=1 SV=1
FALSE,IYDSVKYR;     |;    SKEQR,43.82,DSSO,Intra,1,1,IYDSV[K]YR,1xDSSO [K6],P03725,584,S[K]EQR,1xDSSO [K2],P03725,543,GP15_BPT7 Internal virion protein gp15 OS=Escherichia phage T7 OX=10760 GN=15 PE=1 SV=1,GP15_BPT7 Internal virion protein gp15 OS=Escherichia phage T7 OX=10760 GN=15 PE=1 SV=1
FALSE,LKYLQADSK;  |;GTKTGR,43.07,DSSO,Inter,1,2,L[K]YLQADSK,1xDSSO [K2],P03725,448,GT[K]TGR,1xDSSO [K3],P03724,193,GP15_BPT7 Internal virion protein gp15 OS=Escherichia phage T7 OX=10760 GN=15 PE=1 SV=1,GP14_BPT7 Internal virion protein gp14 OS=Escherichia phage T7 OX=10760 GN=14 PE=1 SV=1
FALSE,AELDKVQPDEQMTPQR;     |;DDSVAKSK,42.72,DSSO,Inter,1,2,AELD[K]VQPDEQMTPQR,1xOxidation [M12]; 1xDSSO [K5],P03725,338,DDSVA[K]SK,1xDSSO [K6],P03801,64,GP15_BPT7 Internal virion protein gp15 OS=Escherichia phage T7 OX=10760 GN=15 PE=1 SV=1,GP67_BPT7 Protein 6.7 OS=Escherichia phage T7 OX=10760 GN=6.7 PE=4 SV=1
FALSE,LKYLQADSK;  |;GLKVER,41.94,DSSO,Inter,1,2,L[K]YLQADSK,1xDSSO [K2],P03725,448,GL[K]VER,1xDSSO [K3],P03801,55,GP15_BPT7 Internal virion protein gp15 OS=Escherichia phage T7 OX=10760 GN=15 PE=1 SV=1,GP67_BPT7 Protein 6.7 OS=Escherichia phage T7 OX=10760 GN=6.7 PE=4 SV=1
FALSE,FAKAGADMYTAK;  |;GTKTGR,41.57,DSSO,Inter,1,2,FA[K]AGADMYTAK,1xOxidation [M8]; 1xDSSO [K3],P03725,50,GT[K]TGR,1xDSSO [K3],P03724,193,GP15_BPT7 Internal virion protein gp15 OS=Escherichia phage T7 OX=10760 GN=15 PE=1 SV=1,GP14_BPT7 Internal virion protein gp14 OS=Escherichia phage T7 OX=10760 GN=14 PE=1 SV=1
FALSE,IKEGVFR;  |;GLKVER,41.24,DSSO,Inter,1,2,I[K]EGVFR,1xDSSO [K2],P03725,125,GL[K]VER,1xDSSO [K3],P03801,55,GP15_BPT7 Internal virion protein gp15 OS=Escherichia phage T7 OX=10760 GN=15 PE=1 SV=1,GP67_BPT7 Protein 6.7 OS=Escherichia phage T7 OX=10760 GN=6.7 PE=4 SV=1
FALSE,ELMENPAIFGNTKAVSIFPESR;            |; SPTGMQSGASGKFGATASDIHER,41.22,DSSO,Intra,1,1,ELMENPAIFGNT[K]AVSIFPESR,1xOxidation [M3]; 1xDSSO [K13],P03726,651,SPTGMQSGASG[K]FGATASDIHER,1xOxidation [M5]; 1xDSSO [K12],P03726,550,EXLYS_BPT7 Peptidoglycan transglycosylase gp16 OS=Escherichia phage T7 OX=10760 GN=16 PE=1 SV=1,EXLYS_BPT7 Peptidoglycan transglycosylase gp16 OS=Escherichia phage T7 OX=10760 GN=16 PE=1 SV=1
FALSE,FAKAGADMYTAK;  |;  KLTPEQR,40.33,DSSO,Intra,1,1,FA[K]AGADMYTAK,1xOxidation [M8]; 1xDSSO [K3],P03725,50,[K]LTPEQR,1xDSSO [K1],P03725,77,GP15_BPT7 Internal virion protein gp15 OS=Escherichia phage T7 OX=10760 GN=15 PE=1 SV=1,GP15_BPT7 Internal virion protein gp15 OS=Escherichia phage T7 OX=10760 GN=15 PE=1 SV=1
FALSE,QADFTVAKAVSDAIEAR;       |;     TPKMDTNQIR,40.1,DSSO,Inter,1,2,QADFTVA[K]AVSDAIEAR,1xDSSO [K8],P03728,342,TP[K]MDTNQIR,1xOxidation [M4]; 1xDSSO [K3],P03801,11,PORTL_BPT7 Portal protein OS=Escherichia phage T7 OX=10760 GN=8 PE=1 SV=1,GP67_BPT7 Protein 6.7 OS=Escherichia phage T7 OX=10760 GN=6.7 PE=4 SV=1
